id,category,incoming_email,historical_reply,intent,resolution_type,split
E0194,billing_issue,"Hi team, there seems to be a billing error on my account related to order ORD-97833.","Hello Sam, I reviewed your billing history and found the discrepancy. I've corrected it on our end and you should see an updated statement within one billing cycle.",resolve a billing discrepancy,billing_corrected_or_explained,reference
E0353,address_change,"Hi team, please change the delivery address on my order ORD-52727.","Hi Diego, I've updated the shipping address for order ORD-52727. Since it hasn't shipped yet, the new address will be used for delivery.",update or correct a shipping address,address_updated,evaluation
E0081,delayed_delivery,"Hello, the notebook set I ordered (ORD-13365) is significantly delayed. Where is it?","Hi Hana, I'm sorry for the delay with order ORD-13365. I've checked with our shipping partner and it looks like there was a delay in transit. I've flagged this for priority handling and will follow up with an updated delivery date shortly.",report that a delivery is delayed and ask for an update,escalation_or_update,reference
E0169,password_reset,"Hi, I forgot my password and the reset email isn't arriving. Can you help me regain access?","Hi Alex, I've manually triggered a password reset email to the address on file — please check your inbox and spam folder over the next few minutes. Let me know if it still doesn't arrive.",request help resetting their password,steps_provided,reference
E0264,subscription_cancellation,"Hi team, how do I cancel my subscription before the next billing date?","Hello Aisha, your subscription has been cancelled as requested. No further charges will be made, and you'll receive a confirmation email shortly.",cancel a recurring subscription,subscription_cancelled,reference
E0231,duplicate_charge,"Hello, I see two identical charges of $129.00 on my card for the same air purifier order. Please help.","Hi Maria, I'm sorry for the duplicate charge on order ORD-36342. I've confirmed it was billed twice in error and have refunded the extra charge; it should appear in 5-7 business days.",report being charged twice for the same order,duplicate_refunded,evaluation
E0162,account_access,"Hi, I can't log into my account anymore. It keeps saying my credentials are invalid. Can you help?","Hello Jordan, I've reviewed your account and lifted the temporary lock caused by repeated login attempts. You should be able to sign in normally now.",resolve an issue accessing their account,access_restored_or_steps_provided,reference
E0277,product_information,"Hello, does the blender come with a warranty? I'm considering buying one.","Hi Alex, happy to help! The blender comes with a 1-year limited warranty and detailed specs are listed on the product page. Let me know if you have any other questions before ordering.",ask for more information about a product before purchasing,information_provided,reference
E0019,refund_request,"Hi, I'd like to request a refund for order ORD-80697. The air purifier I received doesn't work as expected. Can you help?","Hello Wei, I understand the frustration. I've processed a refund request for order ORD-80697. Please allow 5-7 business days for the funds to appear on your original payment method.",request a refund for a purchase,refund_initiated,evaluation
E0280,product_information,"Hi team, I have a few questions about the running shoes before I order it.","Hello Diego, thanks for your interest in the running shoes. It's available in multiple sizes and includes care instructions in the box. I'm happy to answer any other questions.",ask for more information about a product before purchasing,information_provided,evaluation
E0188,password_reset,"Hi team, how do I reset my account password? I tried the usual link with no luck.","Hi Priya, I've manually triggered a password reset email to the address on file — please check your inbox and spam folder over the next few minutes. Let me know if it still doesn't arrive.",request help resetting their password,steps_provided,reference
E0148,account_access,"Hi, I can't log into my account anymore. It keeps saying my credentials are invalid. Can you help?","Hello Fatima, I've reviewed your account and lifted the temporary lock caused by repeated login attempts. You should be able to sign in normally now.",resolve an issue accessing their account,access_restored_or_steps_provided,reference
E0245,subscription_cancellation,"Hi, I'd like to cancel my subscription. Please make sure I'm not billed again.","Hi Priya, I've cancelled your subscription effective immediately. You won't be billed going forward, and you'll retain access until the end of your current billing period.",cancel a recurring subscription,subscription_cancelled,reference
E0381,exchange_request,"Hi team, can I swap the running shoes in order ORD-19283 for a different color?","Hi Liam, of course! I've started an exchange for order ORD-19283 — a prepaid return label is on its way to your email, and we'll ship the replacement as soon as the original is on its way back to us.",exchange a purchased item for a different size or variant,exchange_initiated,reference
E0324,complaint,"Hi, I'm really unhappy with the service I received regarding order ORD-89320. This isn't the experience I expected.","Hi Aisha, I'm sorry to hear about your experience with order ORD-89320 — that falls short of what we aim for. I've escalated this to our support lead and will personally follow up to make sure it's resolved.",voice a general complaint about service or experience,acknowledged_and_escalated,evaluation
E0367,address_change,"Hi, I need to update the shipping address for order ORD-55982 before it ships. Can you help?","Hi Hana, I've updated the shipping address for order ORD-55982. Since it hasn't shipped yet, the new address will be used for delivery.",update or correct a shipping address,address_updated,reference
E0094,damaged_product,"Hi, I received my water bottle today (order ORD-46241) but it arrived damaged. What are my options?","Hi Liam, I'm sorry to hear the water bottle arrived damaged — that's not the experience we want for you. I can send a free replacement or process a full refund for order ORD-46241, whichever you'd prefer.",report that a received product arrived damaged,replacement_or_refund,reference
E0113,cancellation,"Hi team, can you cancel order ORD-70552? I placed it by mistake.","Hi Omar, I've cancelled order ORD-70552 for you. Since it hadn't shipped yet, no charges will be applied and any pending authorization will be released within a few business days.",cancel an order before it ships,order_cancelled,reference
E0389,exchange_request,"Hello, the laptop stand I received doesn't fit as expected. Can I exchange it for another size?","Hello Diego, happy to help with the exchange. I've arranged for a new laptop stand to be shipped and included a prepaid label for returning the original from order ORD-81612.",exchange a purchased item for a different size or variant,exchange_initiated,reference
E0098,damaged_product,"Hello, the backpack from order ORD-62521 came with visible damage during shipping. Can you help?","Hi Jordan, I'm sorry to hear the backpack arrived damaged — that's not the experience we want for you. I can send a free replacement or process a full refund for order ORD-62521, whichever you'd prefer.",report that a received product arrived damaged,replacement_or_refund,reference
E0282,product_information,"Hi, can you tell me more about the desk lamp? Specifically, I'd like to know about sizing and materials.","Hi Grace, happy to help! The desk lamp comes with a 1-year limited warranty and detailed specs are listed on the product page. Let me know if you have any other questions before ordering.",ask for more information about a product before purchasing,information_provided,reference
E0273,product_information,"Hello, does the desk lamp come with a warranty? I'm considering buying one.","Hello Sofia, thanks for your interest in the desk lamp. It's available in multiple sizes and includes care instructions in the box. I'm happy to answer any other questions.",ask for more information about a product before purchasing,information_provided,reference
E0391,exchange_request,"Hi team, can I swap the standing desk in order ORD-62727 for a different color?","Hello Ravi, happy to help with the exchange. I've arranged for a new standing desk to be shipped and included a prepaid label for returning the original from order ORD-62727.",exchange a purchased item for a different size or variant,exchange_initiated,reference
E0143,account_access,"Hi team, my account seems to have been suspended and I don't know why.","Hello Diego, I've reviewed your account and lifted the temporary lock caused by repeated login attempts. You should be able to sign in normally now.",resolve an issue accessing their account,access_restored_or_steps_provided,reference
E0176,password_reset,"Hi, I forgot my password and the reset email isn't arriving. Can you help me regain access?","Hello Omar, sorry about that. I've resent the password reset link to your registered email. If it doesn't show up shortly, I can reset it manually from our end.",request help resetting their password,steps_provided,reference
E0155,account_access,"Hi, I can't log into my account anymore. It keeps saying my credentials are invalid. Can you help?","Hello Grace, I've reviewed your account and lifted the temporary lock caused by repeated login attempts. You should be able to sign in normally now.",resolve an issue accessing their account,access_restored_or_steps_provided,reference
E0083,damaged_product,"Hi, unfortunately my order ORD-15383 arrived broken. I'd like a replacement or refund.","Hi Hana, I'm sorry to hear the office chair arrived damaged — that's not the experience we want for you. I can send a free replacement or process a full refund for order ORD-15383, whichever you'd prefer.",report that a received product arrived damaged,replacement_or_refund,reference
E0031,order_status,"Hi, can you tell me the status of my order ORD-82132? I placed it on January 21 and haven't heard anything.","Hi Sofia, thanks for checking in. Order ORD-82132 is currently being processed and is on track to ship soon. You'll receive a tracking number by email once it leaves our warehouse.",check the current status of an order,status_provided,reference
E0070,delayed_delivery,"Hi, my order ORD-30028 was supposed to arrive by April 3 but it still hasn't shown up. Can you check what's going on?","Hi Chloe, I'm sorry for the delay with order ORD-30028. I've checked with our shipping partner and it looks like there was a delay in transit. I've flagged this for priority handling and will follow up with an updated delivery date shortly.",report that a delivery is delayed and ask for an update,escalation_or_update,evaluation
E0395,exchange_request,"Hi, I'd like to exchange the backpack from order ORD-31473 for a different size. How do I do that?","Hi Alex, of course! I've started an exchange for order ORD-31473 — a prepaid return label is on its way to your email, and we'll ship the replacement as soon as the original is on its way back to us.",exchange a purchased item for a different size or variant,exchange_initiated,evaluation
E0137,account_access,"Hi, I can't log into my account anymore. It keeps saying my credentials are invalid. Can you help?","Hi Ethan, sorry for the trouble logging in. I've unlocked your account — please try logging in again, and use the 'Forgot Password' link if you'd like to set a new password.",resolve an issue accessing their account,access_restored_or_steps_provided,reference
E0033,order_status,"Hi, can you tell me the status of my order ORD-61173? I placed it on August 10 and haven't heard anything.","Hello Alex, I checked on order ORD-61173 for you — it's in our fulfillment queue and should ship within 1-2 business days.",check the current status of an order,status_provided,reference
E0149,account_access,"Hi team, my account seems to have been suspended and I don't know why.","Hello Omar, I've reviewed your account and lifted the temporary lock caused by repeated login attempts. You should be able to sign in normally now.",resolve an issue accessing their account,access_restored_or_steps_provided,reference
E0063,delayed_delivery,"Hi, my order ORD-19545 was supposed to arrive by July 21 but it still hasn't shown up. Can you check what's going on?","Hello Ethan, apologies for the inconvenience. Order ORD-19545 is currently delayed in transit. I've escalated this to our logistics team and will update you as soon as I have a new estimated delivery date.",report that a delivery is delayed and ask for an update,escalation_or_update,reference
E0236,duplicate_charge,"Hello, I see two identical charges of $79.99 on my card for the same notebook set order. Please help.","Hi Wei, I'm sorry for the duplicate charge on order ORD-52291. I've confirmed it was billed twice in error and have refunded the extra charge; it should appear in 5-7 business days.",report being charged twice for the same order,duplicate_refunded,reference
E0127,cancellation,"Hi team, can you cancel order ORD-18968? I placed it by mistake.","Hi Ethan, I've cancelled order ORD-18968 for you. Since it hadn't shipped yet, no charges will be applied and any pending authorization will be released within a few business days.",cancel an order before it ships,order_cancelled,reference
E0129,cancellation,"Hi, I need to cancel order ORD-16028 before it ships. Is that still possible?","Hello Alex, order ORD-16028 has been successfully cancelled. You won't be charged, and you'll receive a confirmation email shortly.",cancel an order before it ships,order_cancelled,reference
E0059,delayed_delivery,"Hi team, order ORD-81819 is past its estimated delivery date. Can you look into this?","Hello Chloe, apologies for the inconvenience. Order ORD-81819 is currently delayed in transit. I've escalated this to our logistics team and will update you as soon as I have a new estimated delivery date.",report that a delivery is delayed and ask for an update,escalation_or_update,reference
E0276,product_information,"Hello, does the laptop stand come with a warranty? I'm considering buying one.","Hello Jordan, thanks for your interest in the laptop stand. It's available in multiple sizes and includes care instructions in the box. I'm happy to answer any other questions.",ask for more information about a product before purchasing,information_provided,reference
E0405,exchange_request,"Hello, the air purifier I received doesn't fit as expected. Can I exchange it for another size?","Hello Hana, happy to help with the exchange. I've arranged for a new air purifier to be shipped and included a prepaid label for returning the original from order ORD-74665.",exchange a purchased item for a different size or variant,exchange_initiated,evaluation
E0347,technical_support,"Hello, I'm having trouble setting up my air purifier. The instructions don't seem to match what I'm seeing.","Hello Aisha, thanks for the details. This is usually caused by outdated firmware — could you update the air purifier's firmware through the companion app and try again?",get help with a technical problem using a product or service,troubleshooting_provided,reference
E0185,password_reset,"Hi team, how do I reset my account password? I tried the usual link with no luck.","Hi Diego, I've manually triggered a password reset email to the address on file — please check your inbox and spam folder over the next few minutes. Let me know if it still doesn't arrive.",request help resetting their password,steps_provided,evaluation
E0001,refund_request,"Hi team, I purchased a running shoes on April 5 (order ORD-46048) and would like to return it for a refund.","Hi Alex, thanks for reaching out. I'm sorry the running shoes didn't meet your expectations. I've initiated a refund for order ORD-46048; you should see the amount back in your account within 5-7 business days.",request a refund for a purchase,refund_initiated,reference
E0004,refund_request,"Hi, I'd like to request a refund for order ORD-46421. The coffee grinder I received doesn't work as expected. Can you help?","Hello Aisha, I understand the frustration. I've processed a refund request for order ORD-46421. Please allow 5-7 business days for the funds to appear on your original payment method.",request a refund for a purchase,refund_initiated,reference
E0112,cancellation,"Hi team, can you cancel order ORD-21542? I placed it by mistake.","Hi Sofia, I've cancelled order ORD-21542 for you. Since it hadn't shipped yet, no charges will be applied and any pending authorization will be released within a few business days.",cancel an order before it ships,order_cancelled,reference
E0201,billing_issue,"Hi, I noticed a charge on my statement I don't recognize for order ORD-28140. Can you explain this?","Hi Ethan, thanks for flagging this. I looked into order ORD-28140 and the $129.99 charge reflects the item price plus applicable tax. I've attached a breakdown for clarity — let me know if anything still looks off.",resolve a billing discrepancy,billing_corrected_or_explained,reference
E0066,delayed_delivery,"Hello, the desk lamp I ordered (ORD-97500) is significantly delayed. Where is it?","Hi Sofia, I'm sorry for the delay with order ORD-97500. I've checked with our shipping partner and it looks like there was a delay in transit. I've flagged this for priority handling and will follow up with an updated delivery date shortly.",report that a delivery is delayed and ask for an update,escalation_or_update,evaluation
E0394,exchange_request,"Hello, the bluetooth speaker I received doesn't fit as expected. Can I exchange it for another size?","Hi Sofia, of course! I've started an exchange for order ORD-90254 — a prepaid return label is on its way to your email, and we'll ship the replacement as soon as the original is on its way back to us.",exchange a purchased item for a different size or variant,exchange_initiated,evaluation
E0287,product_information,"Hi team, I have a few questions about the notebook set before I order it.","Hi Omar, happy to help! The notebook set comes with a 1-year limited warranty and detailed specs are listed on the product page. Let me know if you have any other questions before ordering.",ask for more information about a product before purchasing,information_provided,evaluation
E0332,technical_support,"Hi team, the app keeps crashing when I try to pair it with my coffee grinder.","Hi Chloe, sorry for the trouble. Could you try resetting the coffee grinder by holding the power button for 10 seconds, then reconnecting via Bluetooth? Let me know if that resolves it or if you'd like a video walkthrough.",get help with a technical problem using a product or service,troubleshooting_provided,reference
E0248,subscription_cancellation,"Hi, I'd like to cancel my subscription. Please make sure I'm not billed again.","Hi Noah, I've cancelled your subscription effective immediately. You won't be billed going forward, and you'll retain access until the end of your current billing period.",cancel a recurring subscription,subscription_cancelled,reference
E0364,address_change,"Hi team, please change the delivery address on my order ORD-81611.","Hi Sofia, I've updated the shipping address for order ORD-81611. Since it hasn't shipped yet, the new address will be used for delivery.",update or correct a shipping address,address_updated,reference
E0319,complaint,"Hi, I'm really unhappy with the service I received regarding order ORD-94529. This isn't the experience I expected.","Hello Ravi, thank you for your patience and for letting us know. I've logged your feedback about order ORD-94529 and escalated it internally so we can prevent this going forward.",voice a general complaint about service or experience,acknowledged_and_escalated,evaluation
E0240,duplicate_charge,"Hi team, order ORD-64602 appears to have been billed twice by mistake.","Hi Hana, I'm sorry for the duplicate charge on order ORD-64602. I've confirmed it was billed twice in error and have refunded the extra charge; it should appear in 5-7 business days.",report being charged twice for the same order,duplicate_refunded,reference
E0021,refund_request,"Hi team, I purchased a smart watch on February 25 (order ORD-73699) and would like to return it for a refund.","Hi Jordan, thanks for reaching out. I'm sorry the smart watch didn't meet your expectations. I've initiated a refund for order ORD-73699; you should see the amount back in your account within 5-7 business days.",request a refund for a purchase,refund_initiated,evaluation
E0355,address_change,"Hello, I entered the wrong address on order ORD-32613. Can this be corrected?","Hello Ethan, good news — order ORD-32613 hadn't shipped yet, so I was able to update the address as requested.",update or correct a shipping address,address_updated,reference
E0030,order_status,"Hi, can you tell me the status of my order ORD-68800? I placed it on July 6 and haven't heard anything.","Hi Omar, thanks for checking in. Order ORD-68800 is currently being processed and is on track to ship soon. You'll receive a tracking number by email once it leaves our warehouse.",check the current status of an order,status_provided,reference
E0297,product_information,"Hi, can you tell me more about the backpack? Specifically, I'd like to know about sizing and materials.","Hi Ravi, happy to help! The backpack comes with a 1-year limited warranty and detailed specs are listed on the product page. Let me know if you have any other questions before ordering.",ask for more information about a product before purchasing,information_provided,reference
E0037,order_status,"Hi, can you tell me the status of my order ORD-87924? I placed it on October 3 and haven't heard anything.","Hi Hana, thanks for checking in. Order ORD-87924 is currently being processed and is on track to ship soon. You'll receive a tracking number by email once it leaves our warehouse.",check the current status of an order,status_provided,evaluation
E0171,password_reset,"Hi, I forgot my password and the reset email isn't arriving. Can you help me regain access?","Hi Wei, I've manually triggered a password reset email to the address on file — please check your inbox and spam folder over the next few minutes. Let me know if it still doesn't arrive.",request help resetting their password,steps_provided,reference
E0161,account_access,"Hello, I'm locked out of my account after a few failed login attempts. What should I do?","Hello Ravi, I've reviewed your account and lifted the temporary lock caused by repeated login attempts. You should be able to sign in normally now.",resolve an issue accessing their account,access_restored_or_steps_provided,evaluation
E0100,damaged_product,"Hi, unfortunately my order ORD-68028 arrived broken. I'd like a replacement or refund.","Hello Sofia, apologies for the damage on order ORD-68028. I've started a replacement shipment for you at no extra cost, and you won't need to return the damaged item.",report that a received product arrived damaged,replacement_or_refund,reference
E0393,exchange_request,"Hello, the water bottle I received doesn't fit as expected. Can I exchange it for another size?","Hi Noah, of course! I've started an exchange for order ORD-67342 — a prepaid return label is on its way to your email, and we'll ship the replacement as soon as the original is on its way back to us.",exchange a purchased item for a different size or variant,exchange_initiated,evaluation
E0361,address_change,"Hello, I entered the wrong address on order ORD-68176. Can this be corrected?","Hello Ravi, good news — order ORD-68176 hadn't shipped yet, so I was able to update the address as requested.",update or correct a shipping address,address_updated,reference
E0257,subscription_cancellation,"Hi team, how do I cancel my subscription before the next billing date?","Hello Alex, your subscription has been cancelled as requested. No further charges will be made, and you'll receive a confirmation email shortly.",cancel a recurring subscription,subscription_cancelled,reference
E0187,password_reset,"Hello, I'd like to reset my password but I'm not receiving the reset link. What can I do?","Hi Sofia, I've manually triggered a password reset email to the address on file — please check your inbox and spam folder over the next few minutes. Let me know if it still doesn't arrive.",request help resetting their password,steps_provided,reference
E0404,exchange_request,"Hi, I'd like to exchange the bluetooth speaker from order ORD-48219 for a different size. How do I do that?","Hello Fatima, happy to help with the exchange. I've arranged for a new bluetooth speaker to be shipped and included a prepaid label for returning the original from order ORD-48219.",exchange a purchased item for a different size or variant,exchange_initiated,reference
E0068,delayed_delivery,"Hello, the backpack I ordered (ORD-78327) is significantly delayed. Where is it?","Hi Emma, I'm sorry for the delay with order ORD-78327. I've checked with our shipping partner and it looks like there was a delay in transit. I've flagged this for priority handling and will follow up with an updated delivery date shortly.",report that a delivery is delayed and ask for an update,escalation_or_update,evaluation
E0140,account_access,"Hi team, my account seems to have been suspended and I don't know why.","Hello Wei, I've reviewed your account and lifted the temporary lock caused by repeated login attempts. You should be able to sign in normally now.",resolve an issue accessing their account,access_restored_or_steps_provided,reference
E0141,account_access,"Hi, I can't log into my account anymore. It keeps saying my credentials are invalid. Can you help?","Hello Jordan, I've reviewed your account and lifted the temporary lock caused by repeated login attempts. You should be able to sign in normally now.",resolve an issue accessing their account,access_restored_or_steps_provided,reference
E0107,damaged_product,"Hi, unfortunately my order ORD-20543 arrived broken. I'd like a replacement or refund.","Hello Sofia, apologies for the damage on order ORD-20543. I've started a replacement shipment for you at no extra cost, and you won't need to return the damaged item.",report that a received product arrived damaged,replacement_or_refund,reference
E0221,duplicate_charge,"Hello, I see two identical charges of $79.99 on my card for the same coffee grinder order. Please help.","Hello Ethan, thanks for letting us know. I've verified the duplicate charge and processed a refund for the second charge on order ORD-65851.",report being charged twice for the same order,duplicate_refunded,reference
E0220,duplicate_charge,"Hello, I see two identical charges of $79.99 on my card for the same office chair order. Please help.","Hi Omar, I'm sorry for the duplicate charge on order ORD-48504. I've confirmed it was billed twice in error and have refunded the extra charge; it should appear in 5-7 business days.",report being charged twice for the same order,duplicate_refunded,reference
E0010,refund_request,"Hi team, I purchased a blender on May 21 (order ORD-70589) and would like to return it for a refund.","Hi Wei, thanks for reaching out. I'm sorry the blender didn't meet your expectations. I've initiated a refund for order ORD-70589; you should see the amount back in your account within 5-7 business days.",request a refund for a purchase,refund_initiated,reference
E0183,password_reset,"Hi team, how do I reset my account password? I tried the usual link with no luck.","Hello Sofia, sorry about that. I've resent the password reset link to your registered email. If it doesn't show up shortly, I can reset it manually from our end.",request help resetting their password,steps_provided,evaluation
E0385,exchange_request,"Hello, the running shoes I received doesn't fit as expected. Can I exchange it for another size?","Hello Aisha, happy to help with the exchange. I've arranged for a new running shoes to be shipped and included a prepaid label for returning the original from order ORD-28327.",exchange a purchased item for a different size or variant,exchange_initiated,reference
E0016,refund_request,"Hello, I'm not happy with my recent purchase (ORD-71348). I'd like a full refund for the desk lamp, please.","Hello Ethan, I understand the frustration. I've processed a refund request for order ORD-71348. Please allow 5-7 business days for the funds to appear on your original payment method.",request a refund for a purchase,refund_initiated,reference
E0398,exchange_request,"Hello, the smart watch I received doesn't fit as expected. Can I exchange it for another size?","Hello Priya, happy to help with the exchange. I've arranged for a new smart watch to be shipped and included a prepaid label for returning the original from order ORD-75484.",exchange a purchased item for a different size or variant,exchange_initiated,reference
E0111,cancellation,"Hi team, can you cancel order ORD-53228? I placed it by mistake.","Hi Wei, I've cancelled order ORD-53228 for you. Since it hadn't shipped yet, no charges will be applied and any pending authorization will be released within a few business days.",cancel an order before it ships,order_cancelled,reference
E0123,cancellation,"Hi team, can you cancel order ORD-96991? I placed it by mistake.","Hello Chloe, order ORD-96991 has been successfully cancelled. You won't be charged, and you'll receive a confirmation email shortly.",cancel an order before it ships,order_cancelled,reference
E0222,duplicate_charge,"Hi, I was charged twice for order ORD-67008. Can you refund the duplicate charge?","Hello Ethan, thanks for letting us know. I've verified the duplicate charge and processed a refund for the second charge on order ORD-67008.",report being charged twice for the same order,duplicate_refunded,evaluation
E0048,order_status,"Hi there, just checking in on order ORD-83385 placed July 20. Any updates?","Hi Diego, thanks for checking in. Order ORD-83385 is currently being processed and is on track to ship soon. You'll receive a tracking number by email once it leaves our warehouse.",check the current status of an order,status_provided,reference
E0179,password_reset,"Hi team, how do I reset my account password? I tried the usual link with no luck.","Hello Diego, sorry about that. I've resent the password reset link to your registered email. If it doesn't show up shortly, I can reset it manually from our end.",request help resetting their password,steps_provided,reference
E0054,order_status,"Hi, can you tell me the status of my order ORD-66959? I placed it on December 26 and haven't heard anything.","Hi Ethan, thanks for checking in. Order ORD-66959 is currently being processed and is on track to ship soon. You'll receive a tracking number by email once it leaves our warehouse.",check the current status of an order,status_provided,reference
E0040,order_status,"Hi there, just checking in on order ORD-55745 placed February 8. Any updates?","Hello Sam, I checked on order ORD-55745 for you — it's in our fulfillment queue and should ship within 1-2 business days.",check the current status of an order,status_provided,reference
E0376,address_change,"Hi, I need to update the shipping address for order ORD-67840 before it ships. Can you help?","Hi Wei, I've updated the shipping address for order ORD-67840. Since it hasn't shipped yet, the new address will be used for delivery.",update or correct a shipping address,address_updated,reference
E0241,duplicate_charge,"Hi team, order ORD-42096 appears to have been billed twice by mistake.","Hello Liam, thanks for letting us know. I've verified the duplicate charge and processed a refund for the second charge on order ORD-42096.",report being charged twice for the same order,duplicate_refunded,reference
E0210,billing_issue,"Hi team, there seems to be a billing error on my account related to order ORD-66261.","Hi Noah, thanks for flagging this. I looked into order ORD-66261 and the $49.99 charge reflects the item price plus applicable tax. I've attached a breakdown for clarity — let me know if anything still looks off.",resolve a billing discrepancy,billing_corrected_or_explained,evaluation
E0012,refund_request,"Hello, I'm not happy with my recent purchase (ORD-84341). I'd like a full refund for the notebook set, please.","Hi Fatima, thanks for reaching out. I'm sorry the notebook set didn't meet your expectations. I've initiated a refund for order ORD-84341; you should see the amount back in your account within 5-7 business days.",request a refund for a purchase,refund_initiated,reference
E0152,account_access,"Hi team, my account seems to have been suspended and I don't know why.","Hi Lucas, sorry for the trouble logging in. I've unlocked your account — please try logging in again, and use the 'Forgot Password' link if you'd like to set a new password.",resolve an issue accessing their account,access_restored_or_steps_provided,reference
E0043,order_status,"Hello, I'd like an update on order ORD-37607 for the water bottle. Is it still on track?","Hello Ethan, I checked on order ORD-37607 for you — it's in our fulfillment queue and should ship within 1-2 business days.",check the current status of an order,status_provided,evaluation
E0114,cancellation,"Hi team, can you cancel order ORD-16764? I placed it by mistake.","Hello Sofia, order ORD-16764 has been successfully cancelled. You won't be charged, and you'll receive a confirmation email shortly.",cancel an order before it ships,order_cancelled,evaluation
E0397,exchange_request,"Hello, the yoga mat I received doesn't fit as expected. Can I exchange it for another size?","Hello Grace, happy to help with the exchange. I've arranged for a new yoga mat to be shipped and included a prepaid label for returning the original from order ORD-18371.",exchange a purchased item for a different size or variant,exchange_initiated,reference
E0103,damaged_product,"Hello, the water bottle from order ORD-47762 came with visible damage during shipping. Can you help?","Hi Lucas, I'm sorry to hear the water bottle arrived damaged — that's not the experience we want for you. I can send a free replacement or process a full refund for order ORD-47762, whichever you'd prefer.",report that a received product arrived damaged,replacement_or_refund,reference
E0382,exchange_request,"Hello, the blender I received doesn't fit as expected. Can I exchange it for another size?","Hello Noah, happy to help with the exchange. I've arranged for a new blender to be shipped and included a prepaid label for returning the original from order ORD-27973.",exchange a purchased item for a different size or variant,exchange_initiated,reference
E0178,password_reset,"Hi team, how do I reset my account password? I tried the usual link with no luck.","Hello Ravi, sorry about that. I've resent the password reset link to your registered email. If it doesn't show up shortly, I can reset it manually from our end.",request help resetting their password,steps_provided,reference
E0125,cancellation,"Hello, please cancel my order for the air purifier (ORD-71537). I no longer need it.","Hi Jordan, I've cancelled order ORD-71537 for you. Since it hadn't shipped yet, no charges will be applied and any pending authorization will be released within a few business days.",cancel an order before it ships,order_cancelled,reference
E0193,billing_issue,"Hi team, there seems to be a billing error on my account related to order ORD-87993.","Hello Sam, I reviewed your billing history and found the discrepancy. I've corrected it on our end and you should see an updated statement within one billing cycle.",resolve a billing discrepancy,billing_corrected_or_explained,reference
E0110,cancellation,"Hi team, can you cancel order ORD-21959? I placed it by mistake.","Hello Liam, order ORD-21959 has been successfully cancelled. You won't be charged, and you'll receive a confirmation email shortly.",cancel an order before it ships,order_cancelled,reference
E0195,billing_issue,"Hi team, there seems to be a billing error on my account related to order ORD-57425.","Hello Grace, I reviewed your billing history and found the discrepancy. I've corrected it on our end and you should see an updated statement within one billing cycle.",resolve a billing discrepancy,billing_corrected_or_explained,reference
E0038,order_status,"Hello, I'd like an update on order ORD-41285 for the yoga mat. Is it still on track?","Hi Aisha, thanks for checking in. Order ORD-41285 is currently being processed and is on track to ship soon. You'll receive a tracking number by email once it leaves our warehouse.",check the current status of an order,status_provided,reference
E0321,complaint,"Hi, I'm really unhappy with the service I received regarding order ORD-37152. This isn't the experience I expected.","Hello Alex, thank you for your patience and for letting us know. I've logged your feedback about order ORD-37152 and escalated it internally so we can prevent this going forward.",voice a general complaint about service or experience,acknowledged_and_escalated,reference
E0072,delayed_delivery,"Hi team, order ORD-10772 is past its estimated delivery date. Can you look into this?","Hello Liam, apologies for the inconvenience. Order ORD-10772 is currently delayed in transit. I've escalated this to our logistics team and will update you as soon as I have a new estimated delivery date.",report that a delivery is delayed and ask for an update,escalation_or_update,reference
E0085,damaged_product,"Hi, unfortunately my order ORD-67080 arrived broken. I'd like a replacement or refund.","Hello Sam, apologies for the damage on order ORD-67080. I've started a replacement shipment for you at no extra cost, and you won't need to return the damaged item.",report that a received product arrived damaged,replacement_or_refund,reference
E0333,technical_support,"Hi, my yoga mat isn't connecting properly. I've tried restarting it but no luck. Can you help?","Hi Wei, sorry for the trouble. Could you try resetting the yoga mat by holding the power button for 10 seconds, then reconnecting via Bluetooth? Let me know if that resolves it or if you'd like a video walkthrough.",get help with a technical problem using a product or service,troubleshooting_provided,reference
E0139,account_access,"Hello, I'm locked out of my account after a few failed login attempts. What should I do?","Hello Ravi, I've reviewed your account and lifted the temporary lock caused by repeated login attempts. You should be able to sign in normally now.",resolve an issue accessing their account,access_restored_or_steps_provided,reference
E0326,technical_support,"Hi, my yoga mat isn't connecting properly. I've tried restarting it but no luck. Can you help?","Hello Jordan, thanks for the details. This is usually caused by outdated firmware — could you update the yoga mat's firmware through the companion app and try again?",get help with a technical problem using a product or service,troubleshooting_provided,reference
E0346,technical_support,"Hello, I'm having trouble setting up my yoga mat. The instructions don't seem to match what I'm seeing.","Hi Liam, sorry for the trouble. Could you try resetting the yoga mat by holding the power button for 10 seconds, then reconnecting via Bluetooth? Let me know if that resolves it or if you'd like a video walkthrough.",get help with a technical problem using a product or service,troubleshooting_provided,reference
E0337,technical_support,"Hello, I'm having trouble setting up my coffee grinder. The instructions don't seem to match what I'm seeing.","Hi Liam, sorry for the trouble. Could you try resetting the coffee grinder by holding the power button for 10 seconds, then reconnecting via Bluetooth? Let me know if that resolves it or if you'd like a video walkthrough.",get help with a technical problem using a product or service,troubleshooting_provided,reference
E0061,delayed_delivery,"Hi team, order ORD-47196 is past its estimated delivery date. Can you look into this?","Hi Jordan, I'm sorry for the delay with order ORD-47196. I've checked with our shipping partner and it looks like there was a delay in transit. I've flagged this for priority handling and will follow up with an updated delivery date shortly.",report that a delivery is delayed and ask for an update,escalation_or_update,reference
E0101,damaged_product,"Hi, unfortunately my order ORD-91987 arrived broken. I'd like a replacement or refund.","Hi Fatima, I'm sorry to hear the running shoes arrived damaged — that's not the experience we want for you. I can send a free replacement or process a full refund for order ORD-91987, whichever you'd prefer.",report that a received product arrived damaged,replacement_or_refund,reference
E0159,account_access,"Hello, I'm locked out of my account after a few failed login attempts. What should I do?","Hello Chloe, I've reviewed your account and lifted the temporary lock caused by repeated login attempts. You should be able to sign in normally now.",resolve an issue accessing their account,access_restored_or_steps_provided,reference
E0186,password_reset,"Hi, I forgot my password and the reset email isn't arriving. Can you help me regain access?","Hello Noah, sorry about that. I've resent the password reset link to your registered email. If it doesn't show up shortly, I can reset it manually from our end.",request help resetting their password,steps_provided,reference
E0403,exchange_request,"Hello, the air purifier I received doesn't fit as expected. Can I exchange it for another size?","Hi Sofia, of course! I've started an exchange for order ORD-47002 — a prepaid return label is on its way to your email, and we'll ship the replacement as soon as the original is on its way back to us.",exchange a purchased item for a different size or variant,exchange_initiated,reference
E0029,order_status,"Hi there, just checking in on order ORD-17944 placed December 11. Any updates?","Hi Maria, thanks for checking in. Order ORD-17944 is currently being processed and is on track to ship soon. You'll receive a tracking number by email once it leaves our warehouse.",check the current status of an order,status_provided,reference
E0092,damaged_product,"Hi, unfortunately my order ORD-82140 arrived broken. I'd like a replacement or refund.","Hello Ravi, apologies for the damage on order ORD-82140. I've started a replacement shipment for you at no extra cost, and you won't need to return the damaged item.",report that a received product arrived damaged,replacement_or_refund,reference
E0260,subscription_cancellation,"Hello, please cancel my recurring plan effective immediately.","Hello Sam, your subscription has been cancelled as requested. No further charges will be made, and you'll receive a confirmation email shortly.",cancel a recurring subscription,subscription_cancelled,evaluation
E0368,address_change,"Hello, I entered the wrong address on order ORD-85069. Can this be corrected?","Hello Noah, good news — order ORD-85069 hadn't shipped yet, so I was able to update the address as requested.",update or correct a shipping address,address_updated,reference
E0025,refund_request,"Hi team, I purchased a water bottle on November 2 (order ORD-19305) and would like to return it for a refund.","Hi Alex, thanks for reaching out. I'm sorry the water bottle didn't meet your expectations. I've initiated a refund for order ORD-19305; you should see the amount back in your account within 5-7 business days.",request a refund for a purchase,refund_initiated,reference
E0184,password_reset,"Hi team, how do I reset my account password? I tried the usual link with no luck.","Hello Sam, sorry about that. I've resent the password reset link to your registered email. If it doesn't show up shortly, I can reset it manually from our end.",request help resetting their password,steps_provided,reference
E0286,product_information,"Hello, does the bluetooth speaker come with a warranty? I'm considering buying one.","Hello Alex, thanks for your interest in the bluetooth speaker. It's available in multiple sizes and includes care instructions in the box. I'm happy to answer any other questions.",ask for more information about a product before purchasing,information_provided,reference
E0091,damaged_product,"Hello, the yoga mat from order ORD-41890 came with visible damage during shipping. Can you help?","Hi Chloe, I'm sorry to hear the yoga mat arrived damaged — that's not the experience we want for you. I can send a free replacement or process a full refund for order ORD-41890, whichever you'd prefer.",report that a received product arrived damaged,replacement_or_refund,evaluation
E0075,delayed_delivery,"Hello, the blender I ordered (ORD-94246) is significantly delayed. Where is it?","Hi Jordan, I'm sorry for the delay with order ORD-94246. I've checked with our shipping partner and it looks like there was a delay in transit. I've flagged this for priority handling and will follow up with an updated delivery date shortly.",report that a delivery is delayed and ask for an update,escalation_or_update,reference
E0005,refund_request,"Hi, I'd like to request a refund for order ORD-57052. The smart watch I received doesn't work as expected. Can you help?","Hello Maria, I understand the frustration. I've processed a refund request for order ORD-57052. Please allow 5-7 business days for the funds to appear on your original payment method.",request a refund for a purchase,refund_initiated,reference
E0330,technical_support,"Hi, my desk lamp isn't connecting properly. I've tried restarting it but no luck. Can you help?","Hi Jordan, sorry for the trouble. Could you try resetting the desk lamp by holding the power button for 10 seconds, then reconnecting via Bluetooth? Let me know if that resolves it or if you'd like a video walkthrough.",get help with a technical problem using a product or service,troubleshooting_provided,reference
E0237,duplicate_charge,"Hi, I was charged twice for order ORD-93238. Can you refund the duplicate charge?","Hello Fatima, thanks for letting us know. I've verified the duplicate charge and processed a refund for the second charge on order ORD-93238.",report being charged twice for the same order,duplicate_refunded,evaluation
E0234,duplicate_charge,"Hi, I was charged twice for order ORD-68979. Can you refund the duplicate charge?","Hello Jordan, thanks for letting us know. I've verified the duplicate charge and processed a refund for the second charge on order ORD-68979.",report being charged twice for the same order,duplicate_refunded,reference
E0108,damaged_product,"Hi, I received my smart watch today (order ORD-98381) but it arrived damaged. What are my options?","Hi Lucas, I'm sorry to hear the smart watch arrived damaged — that's not the experience we want for you. I can send a free replacement or process a full refund for order ORD-98381, whichever you'd prefer.",report that a received product arrived damaged,replacement_or_refund,reference
E0320,complaint,"Hi, I'm really unhappy with the service I received regarding order ORD-72324. This isn't the experience I expected.","Hi Hana, I'm sorry to hear about your experience with order ORD-72324 — that falls short of what we aim for. I've escalated this to our support lead and will personally follow up to make sure it's resolved.",voice a general complaint about service or experience,acknowledged_and_escalated,reference
E0306,complaint,"Hi team, I've had a frustrating experience with support regarding office chair and want this addressed.","Hello Aisha, thank you for your patience and for letting us know. I've logged your feedback about order ORD-36624 and escalated it internally so we can prevent this going forward.",voice a general complaint about service or experience,acknowledged_and_escalated,evaluation
E0128,cancellation,"Hi team, can you cancel order ORD-22903? I placed it by mistake.","Hi Ravi, I've cancelled order ORD-22903 for you. Since it hadn't shipped yet, no charges will be applied and any pending authorization will be released within a few business days.",cancel an order before it ships,order_cancelled,reference
E0313,complaint,"Hi team, I've had a frustrating experience with support regarding desk lamp and want this addressed.","Hello Alex, thank you for your patience and for letting us know. I've logged your feedback about order ORD-10866 and escalated it internally so we can prevent this going forward.",voice a general complaint about service or experience,acknowledged_and_escalated,reference
E0036,order_status,"Hi, can you tell me the status of my order ORD-18981? I placed it on February 22 and haven't heard anything.","Hi Wei, thanks for checking in. Order ORD-18981 is currently being processed and is on track to ship soon. You'll receive a tracking number by email once it leaves our warehouse.",check the current status of an order,status_provided,reference
E0082,damaged_product,"Hi, unfortunately my order ORD-87607 arrived broken. I'd like a replacement or refund.","Hi Jordan, I'm sorry to hear the water bottle arrived damaged — that's not the experience we want for you. I can send a free replacement or process a full refund for order ORD-87607, whichever you'd prefer.",report that a received product arrived damaged,replacement_or_refund,reference
E0246,subscription_cancellation,"Hello, please cancel my recurring plan effective immediately.","Hello Fatima, your subscription has been cancelled as requested. No further charges will be made, and you'll receive a confirmation email shortly.",cancel a recurring subscription,subscription_cancelled,reference
E0232,duplicate_charge,"Hello, I see two identical charges of $29.99 on my card for the same coffee grinder order. Please help.","Hello Sofia, thanks for letting us know. I've verified the duplicate charge and processed a refund for the second charge on order ORD-82305.",report being charged twice for the same order,duplicate_refunded,reference
E0314,complaint,"Hi team, I've had a frustrating experience with support regarding wireless headphones and want this addressed.","Hello Omar, thank you for your patience and for letting us know. I've logged your feedback about order ORD-47576 and escalated it internally so we can prevent this going forward.",voice a general complaint about service or experience,acknowledged_and_escalated,reference
E0325,technical_support,"Hi, my running shoes isn't connecting properly. I've tried restarting it but no luck. Can you help?","Hello Sofia, thanks for the details. This is usually caused by outdated firmware — could you update the running shoes's firmware through the companion app and try again?",get help with a technical problem using a product or service,troubleshooting_provided,reference
E0039,order_status,"Hello, I'd like an update on order ORD-70068 for the bluetooth speaker. Is it still on track?","Hi Alex, thanks for checking in. Order ORD-70068 is currently being processed and is on track to ship soon. You'll receive a tracking number by email once it leaves our warehouse.",check the current status of an order,status_provided,reference
E0049,order_status,"Hi, can you tell me the status of my order ORD-13248? I placed it on December 11 and haven't heard anything.","Hi Ravi, thanks for checking in. Order ORD-13248 is currently being processed and is on track to ship soon. You'll receive a tracking number by email once it leaves our warehouse.",check the current status of an order,status_provided,reference
E0157,account_access,"Hello, I'm locked out of my account after a few failed login attempts. What should I do?","Hi Priya, sorry for the trouble logging in. I've unlocked your account — please try logging in again, and use the 'Forgot Password' link if you'd like to set a new password.",resolve an issue accessing their account,access_restored_or_steps_provided,reference
E0202,billing_issue,"Hi team, there seems to be a billing error on my account related to order ORD-26341.","Hi Grace, thanks for flagging this. I looked into order ORD-26341 and the $39.99 charge reflects the item price plus applicable tax. I've attached a breakdown for clarity — let me know if anything still looks off.",resolve a billing discrepancy,billing_corrected_or_explained,reference
E0145,account_access,"Hi, I can't log into my account anymore. It keeps saying my credentials are invalid. Can you help?","Hi Priya, sorry for the trouble logging in. I've unlocked your account — please try logging in again, and use the 'Forgot Password' link if you'd like to set a new password.",resolve an issue accessing their account,access_restored_or_steps_provided,reference
E0084,damaged_product,"Hi, unfortunately my order ORD-65057 arrived broken. I'd like a replacement or refund.","Hello Alex, apologies for the damage on order ORD-65057. I've started a replacement shipment for you at no extra cost, and you won't need to return the damaged item.",report that a received product arrived damaged,replacement_or_refund,reference
E0168,password_reset,"Hello, I'd like to reset my password but I'm not receiving the reset link. What can I do?","Hello Aisha, sorry about that. I've resent the password reset link to your registered email. If it doesn't show up shortly, I can reset it manually from our end.",request help resetting their password,steps_provided,reference
E0087,damaged_product,"Hello, the bluetooth speaker from order ORD-84691 came with visible damage during shipping. Can you help?","Hi Sofia, I'm sorry to hear the bluetooth speaker arrived damaged — that's not the experience we want for you. I can send a free replacement or process a full refund for order ORD-84691, whichever you'd prefer.",report that a received product arrived damaged,replacement_or_refund,evaluation
E0250,subscription_cancellation,"Hello, please cancel my recurring plan effective immediately.","Hi Chloe, I've cancelled your subscription effective immediately. You won't be billed going forward, and you'll retain access until the end of your current billing period.",cancel a recurring subscription,subscription_cancelled,reference
E0124,cancellation,"Hi, I need to cancel order ORD-67711 before it ships. Is that still possible?","Hello Maria, order ORD-67711 has been successfully cancelled. You won't be charged, and you'll receive a confirmation email shortly.",cancel an order before it ships,order_cancelled,evaluation
E0028,order_status,"Hi, can you tell me the status of my order ORD-96374? I placed it on June 14 and haven't heard anything.","Hi Maria, thanks for checking in. Order ORD-96374 is currently being processed and is on track to ship soon. You'll receive a tracking number by email once it leaves our warehouse.",check the current status of an order,status_provided,evaluation
E0307,complaint,"Hi team, I've had a frustrating experience with support regarding desk lamp and want this addressed.","Hi Alex, I'm sorry to hear about your experience with order ORD-44180 — that falls short of what we aim for. I've escalated this to our support lead and will personally follow up to make sure it's resolved.",voice a general complaint about service or experience,acknowledged_and_escalated,evaluation
E0198,billing_issue,"Hi, I noticed a charge on my statement I don't recognize for order ORD-15726. Can you explain this?","Hi Sofia, thanks for flagging this. I looked into order ORD-15726 and the $49.99 charge reflects the item price plus applicable tax. I've attached a breakdown for clarity — let me know if anything still looks off.",resolve a billing discrepancy,billing_corrected_or_explained,reference
E0272,product_information,"Hello, does the notebook set come with a warranty? I'm considering buying one.","Hello Wei, thanks for your interest in the notebook set. It's available in multiple sizes and includes care instructions in the box. I'm happy to answer any other questions.",ask for more information about a product before purchasing,information_provided,evaluation
E0308,complaint,"Hi, I'm really unhappy with the service I received regarding order ORD-40149. This isn't the experience I expected.","Hi Aisha, I'm sorry to hear about your experience with order ORD-40149 — that falls short of what we aim for. I've escalated this to our support lead and will personally follow up to make sure it's resolved.",voice a general complaint about service or experience,acknowledged_and_escalated,reference
E0131,cancellation,"Hi, I need to cancel order ORD-60140 before it ships. Is that still possible?","Hi Ethan, I've cancelled order ORD-60140 for you. Since it hadn't shipped yet, no charges will be applied and any pending authorization will be released within a few business days.",cancel an order before it ships,order_cancelled,reference
E0002,refund_request,"Hi team, I purchased a standing desk on April 8 (order ORD-13905) and would like to return it for a refund.","Hello Priya, I understand the frustration. I've processed a refund request for order ORD-13905. Please allow 5-7 business days for the funds to appear on your original payment method.",request a refund for a purchase,refund_initiated,reference
E0027,refund_request,"Hi team, I purchased a backpack on April 26 (order ORD-85525) and would like to return it for a refund.","Hi Hana, thanks for reaching out. I'm sorry the backpack didn't meet your expectations. I've initiated a refund for order ORD-85525; you should see the amount back in your account within 5-7 business days.",request a refund for a purchase,refund_initiated,evaluation
E0401,exchange_request,"Hi, I'd like to exchange the running shoes from order ORD-52179 for a different size. How do I do that?","Hello Lucas, happy to help with the exchange. I've arranged for a new running shoes to be shipped and included a prepaid label for returning the original from order ORD-52179.",exchange a purchased item for a different size or variant,exchange_initiated,reference
E0219,duplicate_charge,"Hello, I see two identical charges of $99.00 on my card for the same yoga mat order. Please help.","Hello Diego, thanks for letting us know. I've verified the duplicate charge and processed a refund for the second charge on order ORD-78062.",report being charged twice for the same order,duplicate_refunded,reference
E0134,cancellation,"Hello, please cancel my order for the smart watch (ORD-60422). I no longer need it.","Hello Fatima, order ORD-60422 has been successfully cancelled. You won't be charged, and you'll receive a confirmation email shortly.",cancel an order before it ships,order_cancelled,reference
E0372,address_change,"Hi team, please change the delivery address on my order ORD-69597.","Hello Diego, good news — order ORD-69597 hadn't shipped yet, so I was able to update the address as requested.",update or correct a shipping address,address_updated,evaluation
E0120,cancellation,"Hi team, can you cancel order ORD-86011? I placed it by mistake.","Hello Hana, order ORD-86011 has been successfully cancelled. You won't be charged, and you'll receive a confirmation email shortly.",cancel an order before it ships,order_cancelled,reference
E0056,delayed_delivery,"Hi team, order ORD-66531 is past its estimated delivery date. Can you look into this?","Hi Diego, I'm sorry for the delay with order ORD-66531. I've checked with our shipping partner and it looks like there was a delay in transit. I've flagged this for priority handling and will follow up with an updated delivery date shortly.",report that a delivery is delayed and ask for an update,escalation_or_update,reference
E0172,password_reset,"Hi team, how do I reset my account password? I tried the usual link with no luck.","Hello Liam, sorry about that. I've resent the password reset link to your registered email. If it doesn't show up shortly, I can reset it manually from our end.",request help resetting their password,steps_provided,evaluation
E0118,cancellation,"Hello, please cancel my order for the coffee grinder (ORD-82255). I no longer need it.","Hi Sofia, I've cancelled order ORD-82255 for you. Since it hadn't shipped yet, no charges will be applied and any pending authorization will be released within a few business days.",cancel an order before it ships,order_cancelled,reference
E0205,billing_issue,"Hello, my invoice for notebook set shows $79.00 but I was expecting a different amount. Can you clarify?","Hi Alex, thanks for flagging this. I looked into order ORD-51770 and the $79.00 charge reflects the item price plus applicable tax. I've attached a breakdown for clarity — let me know if anything still looks off.",resolve a billing discrepancy,billing_corrected_or_explained,reference
E0261,subscription_cancellation,"Hi team, how do I cancel my subscription before the next billing date?","Hi Sam, I've cancelled your subscription effective immediately. You won't be billed going forward, and you'll retain access until the end of your current billing period.",cancel a recurring subscription,subscription_cancelled,reference
E0259,subscription_cancellation,"Hi, I'd like to cancel my subscription. Please make sure I'm not billed again.","Hi Priya, I've cancelled your subscription effective immediately. You won't be billed going forward, and you'll retain access until the end of your current billing period.",cancel a recurring subscription,subscription_cancelled,evaluation
E0224,duplicate_charge,"Hi, I was charged twice for order ORD-26545. Can you refund the duplicate charge?","Hello Priya, thanks for letting us know. I've verified the duplicate charge and processed a refund for the second charge on order ORD-26545.",report being charged twice for the same order,duplicate_refunded,reference
E0344,technical_support,"Hello, I'm having trouble setting up my standing desk. The instructions don't seem to match what I'm seeing.","Hello Maria, thanks for the details. This is usually caused by outdated firmware — could you update the standing desk's firmware through the companion app and try again?",get help with a technical problem using a product or service,troubleshooting_provided,reference
E0079,delayed_delivery,"Hi team, order ORD-26544 is past its estimated delivery date. Can you look into this?","Hi Lucas, I'm sorry for the delay with order ORD-26544. I've checked with our shipping partner and it looks like there was a delay in transit. I've flagged this for priority handling and will follow up with an updated delivery date shortly.",report that a delivery is delayed and ask for an update,escalation_or_update,reference
E0274,product_information,"Hello, does the coffee grinder come with a warranty? I'm considering buying one.","Hi Maria, happy to help! The coffee grinder comes with a 1-year limited warranty and detailed specs are listed on the product page. Let me know if you have any other questions before ordering.",ask for more information about a product before purchasing,information_provided,evaluation
E0334,technical_support,"Hello, I'm having trouble setting up my backpack. The instructions don't seem to match what I'm seeing.","Hello Lucas, thanks for the details. This is usually caused by outdated firmware — could you update the backpack's firmware through the companion app and try again?",get help with a technical problem using a product or service,troubleshooting_provided,reference
E0189,password_reset,"Hi, I forgot my password and the reset email isn't arriving. Can you help me regain access?","Hi Sofia, I've manually triggered a password reset email to the address on file — please check your inbox and spam folder over the next few minutes. Let me know if it still doesn't arrive.",request help resetting their password,steps_provided,evaluation
E0180,password_reset,"Hi team, how do I reset my account password? I tried the usual link with no luck.","Hi Chloe, I've manually triggered a password reset email to the address on file — please check your inbox and spam folder over the next few minutes. Let me know if it still doesn't arrive.",request help resetting their password,steps_provided,reference
E0315,complaint,"Hi, I'm really unhappy with the service I received regarding order ORD-29516. This isn't the experience I expected.","Hi Grace, I'm sorry to hear about your experience with order ORD-29516 — that falls short of what we aim for. I've escalated this to our support lead and will personally follow up to make sure it's resolved.",voice a general complaint about service or experience,acknowledged_and_escalated,reference
E0238,duplicate_charge,"Hi team, order ORD-86106 appears to have been billed twice by mistake.","Hi Hana, I'm sorry for the duplicate charge on order ORD-86106. I've confirmed it was billed twice in error and have refunded the extra charge; it should appear in 5-7 business days.",report being charged twice for the same order,duplicate_refunded,reference
E0384,exchange_request,"Hello, the notebook set I received doesn't fit as expected. Can I exchange it for another size?","Hello Fatima, happy to help with the exchange. I've arranged for a new notebook set to be shipped and included a prepaid label for returning the original from order ORD-21362.",exchange a purchased item for a different size or variant,exchange_initiated,reference
E0034,order_status,"Hi, can you tell me the status of my order ORD-38534? I placed it on October 24 and haven't heard anything.","Hi Noah, thanks for checking in. Order ORD-38534 is currently being processed and is on track to ship soon. You'll receive a tracking number by email once it leaves our warehouse.",check the current status of an order,status_provided,reference
E0208,billing_issue,"Hi, I noticed a charge on my statement I don't recognize for order ORD-49472. Can you explain this?","Hello Lucas, I reviewed your billing history and found the discrepancy. I've corrected it on our end and you should see an updated statement within one billing cycle.",resolve a billing discrepancy,billing_corrected_or_explained,reference
E0003,refund_request,"Hi team, I purchased a running shoes on August 19 (order ORD-64987) and would like to return it for a refund.","Hi Omar, thanks for reaching out. I'm sorry the running shoes didn't meet your expectations. I've initiated a refund for order ORD-64987; you should see the amount back in your account within 5-7 business days.",request a refund for a purchase,refund_initiated,reference
E0216,billing_issue,"Hi, I noticed a charge on my statement I don't recognize for order ORD-51365. Can you explain this?","Hi Priya, thanks for flagging this. I looked into order ORD-51365 and the $99.99 charge reflects the item price plus applicable tax. I've attached a breakdown for clarity — let me know if anything still looks off.",resolve a billing discrepancy,billing_corrected_or_explained,reference
E0006,refund_request,"Hi team, I purchased a notebook set on July 3 (order ORD-26361) and would like to return it for a refund.","Hello Omar, I understand the frustration. I've processed a refund request for order ORD-26361. Please allow 5-7 business days for the funds to appear on your original payment method.",request a refund for a purchase,refund_initiated,reference
E0253,subscription_cancellation,"Hi, I'd like to cancel my subscription. Please make sure I'm not billed again.","Hello Grace, your subscription has been cancelled as requested. No further charges will be made, and you'll receive a confirmation email shortly.",cancel a recurring subscription,subscription_cancelled,reference
E0105,damaged_product,"Hi, I received my smart watch today (order ORD-44816) but it arrived damaged. What are my options?","Hi Sam, I'm sorry to hear the smart watch arrived damaged — that's not the experience we want for you. I can send a free replacement or process a full refund for order ORD-44816, whichever you'd prefer.",report that a received product arrived damaged,replacement_or_refund,reference
E0317,complaint,"Hi team, I've had a frustrating experience with support regarding smart watch and want this addressed.","Hi Noah, I'm sorry to hear about your experience with order ORD-99658 — that falls short of what we aim for. I've escalated this to our support lead and will personally follow up to make sure it's resolved.",voice a general complaint about service or experience,acknowledged_and_escalated,reference
E0311,complaint,"Hi team, I've had a frustrating experience with support regarding wireless headphones and want this addressed.","Hi Jordan, I'm sorry to hear about your experience with order ORD-97584 — that falls short of what we aim for. I've escalated this to our support lead and will personally follow up to make sure it's resolved.",voice a general complaint about service or experience,acknowledged_and_escalated,reference
E0053,order_status,"Hi there, just checking in on order ORD-25118 placed May 6. Any updates?","Hello Alex, I checked on order ORD-25118 for you — it's in our fulfillment queue and should ship within 1-2 business days.",check the current status of an order,status_provided,evaluation
E0174,password_reset,"Hi, I forgot my password and the reset email isn't arriving. Can you help me regain access?","Hi Chloe, I've manually triggered a password reset email to the address on file — please check your inbox and spam folder over the next few minutes. Let me know if it still doesn't arrive.",request help resetting their password,steps_provided,reference
E0309,complaint,"Hi team, I've had a frustrating experience with support regarding water bottle and want this addressed.","Hello Emma, thank you for your patience and for letting us know. I've logged your feedback about order ORD-74044 and escalated it internally so we can prevent this going forward.",voice a general complaint about service or experience,acknowledged_and_escalated,reference
E0166,password_reset,"Hi, I forgot my password and the reset email isn't arriving. Can you help me regain access?","Hi Diego, I've manually triggered a password reset email to the address on file — please check your inbox and spam folder over the next few minutes. Let me know if it still doesn't arrive.",request help resetting their password,steps_provided,reference
E0057,delayed_delivery,"Hi team, order ORD-76469 is past its estimated delivery date. Can you look into this?","Hi Noah, I'm sorry for the delay with order ORD-76469. I've checked with our shipping partner and it looks like there was a delay in transit. I've flagged this for priority handling and will follow up with an updated delivery date shortly.",report that a delivery is delayed and ask for an update,escalation_or_update,reference
E0312,complaint,"Hi, I'm really unhappy with the service I received regarding order ORD-38668. This isn't the experience I expected.","Hi Alex, I'm sorry to hear about your experience with order ORD-38668 — that falls short of what we aim for. I've escalated this to our support lead and will personally follow up to make sure it's resolved.",voice a general complaint about service or experience,acknowledged_and_escalated,reference
E0298,complaint,"Hi team, I've had a frustrating experience with support regarding yoga mat and want this addressed.","Hello Ravi, thank you for your patience and for letting us know. I've logged your feedback about order ORD-29558 and escalated it internally so we can prevent this going forward.",voice a general complaint about service or experience,acknowledged_and_escalated,reference
E0271,product_information,"Hi, can you tell me more about the notebook set? Specifically, I'd like to know about sizing and materials.","Hi Omar, happy to help! The notebook set comes with a 1-year limited warranty and detailed specs are listed on the product page. Let me know if you have any other questions before ordering.",ask for more information about a product before purchasing,information_provided,reference
E0228,duplicate_charge,"Hello, I see two identical charges of $49.00 on my card for the same yoga mat order. Please help.","Hello Fatima, thanks for letting us know. I've verified the duplicate charge and processed a refund for the second charge on order ORD-90199.",report being charged twice for the same order,duplicate_refunded,reference
E0335,technical_support,"Hi, my blender isn't connecting properly. I've tried restarting it but no luck. Can you help?","Hi Noah, sorry for the trouble. Could you try resetting the blender by holding the power button for 10 seconds, then reconnecting via Bluetooth? Let me know if that resolves it or if you'd like a video walkthrough.",get help with a technical problem using a product or service,troubleshooting_provided,evaluation
E0233,duplicate_charge,"Hello, I see two identical charges of $199.00 on my card for the same air purifier order. Please help.","Hello Grace, thanks for letting us know. I've verified the duplicate charge and processed a refund for the second charge on order ORD-63843.",report being charged twice for the same order,duplicate_refunded,evaluation
E0073,delayed_delivery,"Hi team, order ORD-38760 is past its estimated delivery date. Can you look into this?","Hi Liam, I'm sorry for the delay with order ORD-38760. I've checked with our shipping partner and it looks like there was a delay in transit. I've flagged this for priority handling and will follow up with an updated delivery date shortly.",report that a delivery is delayed and ask for an update,escalation_or_update,reference
E0024,refund_request,"Hi, I'd like to request a refund for order ORD-18392. The office chair I received doesn't work as expected. Can you help?","Hi Lucas, thanks for reaching out. I'm sorry the office chair didn't meet your expectations. I've initiated a refund for order ORD-18392; you should see the amount back in your account within 5-7 business days.",request a refund for a purchase,refund_initiated,reference
E0296,product_information,"Hi, can you tell me more about the desk lamp? Specifically, I'd like to know about sizing and materials.","Hello Sam, thanks for your interest in the desk lamp. It's available in multiple sizes and includes care instructions in the box. I'm happy to answer any other questions.",ask for more information about a product before purchasing,information_provided,reference
E0256,subscription_cancellation,"Hi team, how do I cancel my subscription before the next billing date?","Hello Liam, your subscription has been cancelled as requested. No further charges will be made, and you'll receive a confirmation email shortly.",cancel a recurring subscription,subscription_cancelled,reference
E0067,delayed_delivery,"Hi team, order ORD-68446 is past its estimated delivery date. Can you look into this?","Hello Omar, apologies for the inconvenience. Order ORD-68446 is currently delayed in transit. I've escalated this to our logistics team and will update you as soon as I have a new estimated delivery date.",report that a delivery is delayed and ask for an update,escalation_or_update,evaluation
E0400,exchange_request,"Hi, I'd like to exchange the backpack from order ORD-16026 for a different size. How do I do that?","Hi Lucas, of course! I've started an exchange for order ORD-16026 — a prepaid return label is on its way to your email, and we'll ship the replacement as soon as the original is on its way back to us.",exchange a purchased item for a different size or variant,exchange_initiated,reference
E0300,complaint,"Hello, I want to formally complain about how my recent order (ORD-41831) was handled.","Hi Chloe, I'm sorry to hear about your experience with order ORD-41831 — that falls short of what we aim for. I've escalated this to our support lead and will personally follow up to make sure it's resolved.",voice a general complaint about service or experience,acknowledged_and_escalated,reference
E0090,damaged_product,"Hello, the water bottle from order ORD-94659 came with visible damage during shipping. Can you help?","Hi Liam, I'm sorry to hear the water bottle arrived damaged — that's not the experience we want for you. I can send a free replacement or process a full refund for order ORD-94659, whichever you'd prefer.",report that a received product arrived damaged,replacement_or_refund,reference
E0288,product_information,"Hello, does the water bottle come with a warranty? I'm considering buying one.","Hi Sam, happy to help! The water bottle comes with a 1-year limited warranty and detailed specs are listed on the product page. Let me know if you have any other questions before ordering.",ask for more information about a product before purchasing,information_provided,reference
E0151,account_access,"Hi, I can't log into my account anymore. It keeps saying my credentials are invalid. Can you help?","Hello Lucas, I've reviewed your account and lifted the temporary lock caused by repeated login attempts. You should be able to sign in normally now.",resolve an issue accessing their account,access_restored_or_steps_provided,reference
E0281,product_information,"Hello, does the notebook set come with a warranty? I'm considering buying one.","Hello Ravi, thanks for your interest in the notebook set. It's available in multiple sizes and includes care instructions in the box. I'm happy to answer any other questions.",ask for more information about a product before purchasing,information_provided,reference
E0262,subscription_cancellation,"Hello, please cancel my recurring plan effective immediately.","Hi Sofia, I've cancelled your subscription effective immediately. You won't be billed going forward, and you'll retain access until the end of your current billing period.",cancel a recurring subscription,subscription_cancelled,evaluation
E0115,cancellation,"Hello, please cancel my order for the laptop stand (ORD-13783). I no longer need it.","Hello Maria, order ORD-13783 has been successfully cancelled. You won't be charged, and you'll receive a confirmation email shortly.",cancel an order before it ships,order_cancelled,reference
E0153,account_access,"Hello, I'm locked out of my account after a few failed login attempts. What should I do?","Hi Sam, sorry for the trouble logging in. I've unlocked your account — please try logging in again, and use the 'Forgot Password' link if you'd like to set a new password.",resolve an issue accessing their account,access_restored_or_steps_provided,reference
E0126,cancellation,"Hi team, can you cancel order ORD-98389? I placed it by mistake.","Hi Aisha, I've cancelled order ORD-98389 for you. Since it hadn't shipped yet, no charges will be applied and any pending authorization will be released within a few business days.",cancel an order before it ships,order_cancelled,evaluation
E0383,exchange_request,"Hi team, can I swap the coffee grinder in order ORD-95199 for a different color?","Hi Ethan, of course! I've started an exchange for order ORD-95199 — a prepaid return label is on its way to your email, and we'll ship the replacement as soon as the original is on its way back to us.",exchange a purchased item for a different size or variant,exchange_initiated,evaluation
E0340,technical_support,"Hello, I'm having trouble setting up my backpack. The instructions don't seem to match what I'm seeing.","Hi Ravi, sorry for the trouble. Could you try resetting the backpack by holding the power button for 10 seconds, then reconnecting via Bluetooth? Let me know if that resolves it or if you'd like a video walkthrough.",get help with a technical problem using a product or service,troubleshooting_provided,reference
E0378,address_change,"Hello, I entered the wrong address on order ORD-61949. Can this be corrected?","Hi Priya, I've updated the shipping address for order ORD-61949. Since it hasn't shipped yet, the new address will be used for delivery.",update or correct a shipping address,address_updated,reference
E0175,password_reset,"Hi, I forgot my password and the reset email isn't arriving. Can you help me regain access?","Hello Noah, sorry about that. I've resent the password reset link to your registered email. If it doesn't show up shortly, I can reset it manually from our end.",request help resetting their password,steps_provided,reference
E0360,address_change,"Hi, I need to update the shipping address for order ORD-35575 before it ships. Can you help?","Hello Sam, good news — order ORD-35575 hadn't shipped yet, so I was able to update the address as requested.",update or correct a shipping address,address_updated,reference
E0163,password_reset,"Hi team, how do I reset my account password? I tried the usual link with no luck.","Hello Sam, sorry about that. I've resent the password reset link to your registered email. If it doesn't show up shortly, I can reset it manually from our end.",request help resetting their password,steps_provided,reference
E0102,damaged_product,"Hi, I received my coffee grinder today (order ORD-19838) but it arrived damaged. What are my options?","Hi Omar, I'm sorry to hear the coffee grinder arrived damaged — that's not the experience we want for you. I can send a free replacement or process a full refund for order ORD-19838, whichever you'd prefer.",report that a received product arrived damaged,replacement_or_refund,reference
E0247,subscription_cancellation,"Hello, please cancel my recurring plan effective immediately.","Hi Jordan, I've cancelled your subscription effective immediately. You won't be billed going forward, and you'll retain access until the end of your current billing period.",cancel a recurring subscription,subscription_cancelled,reference
E0119,cancellation,"Hi, I need to cancel order ORD-54548 before it ships. Is that still possible?","Hello Ravi, order ORD-54548 has been successfully cancelled. You won't be charged, and you'll receive a confirmation email shortly.",cancel an order before it ships,order_cancelled,evaluation
E0255,subscription_cancellation,"Hi, I'd like to cancel my subscription. Please make sure I'm not billed again.","Hello Ethan, your subscription has been cancelled as requested. No further charges will be made, and you'll receive a confirmation email shortly.",cancel a recurring subscription,subscription_cancelled,reference
E0387,exchange_request,"Hi team, can I swap the wireless headphones in order ORD-94694 for a different color?","Hello Noah, happy to help with the exchange. I've arranged for a new wireless headphones to be shipped and included a prepaid label for returning the original from order ORD-94694.",exchange a purchased item for a different size or variant,exchange_initiated,reference
E0071,delayed_delivery,"Hello, the running shoes I ordered (ORD-18161) is significantly delayed. Where is it?","Hello Ravi, apologies for the inconvenience. Order ORD-18161 is currently delayed in transit. I've escalated this to our logistics team and will update you as soon as I have a new estimated delivery date.",report that a delivery is delayed and ask for an update,escalation_or_update,evaluation
E0270,subscription_cancellation,"Hello, please cancel my recurring plan effective immediately.","Hello Liam, your subscription has been cancelled as requested. No further charges will be made, and you'll receive a confirmation email shortly.",cancel a recurring subscription,subscription_cancelled,reference
E0181,password_reset,"Hi, I forgot my password and the reset email isn't arriving. Can you help me regain access?","Hi Grace, I've manually triggered a password reset email to the address on file — please check your inbox and spam folder over the next few minutes. Let me know if it still doesn't arrive.",request help resetting their password,steps_provided,reference
E0093,damaged_product,"Hello, the water bottle from order ORD-25814 came with visible damage during shipping. Can you help?","Hello Lucas, apologies for the damage on order ORD-25814. I've started a replacement shipment for you at no extra cost, and you won't need to return the damaged item.",report that a received product arrived damaged,replacement_or_refund,reference
E0013,refund_request,"Hello, I'm not happy with my recent purchase (ORD-44718). I'd like a full refund for the coffee grinder, please.","Hello Sam, I understand the frustration. I've processed a refund request for order ORD-44718. Please allow 5-7 business days for the funds to appear on your original payment method.",request a refund for a purchase,refund_initiated,reference
E0269,subscription_cancellation,"Hello, please cancel my recurring plan effective immediately.","Hello Maria, your subscription has been cancelled as requested. No further charges will be made, and you'll receive a confirmation email shortly.",cancel a recurring subscription,subscription_cancelled,reference
E0009,refund_request,"Hello, I'm not happy with my recent purchase (ORD-97841). I'd like a full refund for the yoga mat, please.","Hello Fatima, I understand the frustration. I've processed a refund request for order ORD-97841. Please allow 5-7 business days for the funds to appear on your original payment method.",request a refund for a purchase,refund_initiated,reference
E0064,delayed_delivery,"Hi team, order ORD-62383 is past its estimated delivery date. Can you look into this?","Hello Liam, apologies for the inconvenience. Order ORD-62383 is currently delayed in transit. I've escalated this to our logistics team and will update you as soon as I have a new estimated delivery date.",report that a delivery is delayed and ask for an update,escalation_or_update,reference
E0254,subscription_cancellation,"Hi team, how do I cancel my subscription before the next billing date?","Hello Sam, your subscription has been cancelled as requested. No further charges will be made, and you'll receive a confirmation email shortly.",cancel a recurring subscription,subscription_cancelled,reference
E0310,complaint,"Hi, I'm really unhappy with the service I received regarding order ORD-28344. This isn't the experience I expected.","Hello Wei, thank you for your patience and for letting us know. I've logged your feedback about order ORD-28344 and escalated it internally so we can prevent this going forward.",voice a general complaint about service or experience,acknowledged_and_escalated,reference
E0303,complaint,"Hello, I want to formally complain about how my recent order (ORD-34906) was handled.","Hi Fatima, I'm sorry to hear about your experience with order ORD-34906 — that falls short of what we aim for. I've escalated this to our support lead and will personally follow up to make sure it's resolved.",voice a general complaint about service or experience,acknowledged_and_escalated,reference
E0263,subscription_cancellation,"Hi, I'd like to cancel my subscription. Please make sure I'm not billed again.","Hi Emma, I've cancelled your subscription effective immediately. You won't be billed going forward, and you'll retain access until the end of your current billing period.",cancel a recurring subscription,subscription_cancelled,reference
E0225,duplicate_charge,"Hello, I see two identical charges of $79.99 on my card for the same laptop stand order. Please help.","Hi Ethan, I'm sorry for the duplicate charge on order ORD-30111. I've confirmed it was billed twice in error and have refunded the extra charge; it should appear in 5-7 business days.",report being charged twice for the same order,duplicate_refunded,reference
E0369,address_change,"Hello, I entered the wrong address on order ORD-95969. Can this be corrected?","Hi Emma, I've updated the shipping address for order ORD-95969. Since it hasn't shipped yet, the new address will be used for delivery.",update or correct a shipping address,address_updated,reference
E0328,technical_support,"Hi, my backpack isn't connecting properly. I've tried restarting it but no luck. Can you help?","Hi Alex, sorry for the trouble. Could you try resetting the backpack by holding the power button for 10 seconds, then reconnecting via Bluetooth? Let me know if that resolves it or if you'd like a video walkthrough.",get help with a technical problem using a product or service,troubleshooting_provided,reference
E0008,refund_request,"Hi, I'd like to request a refund for order ORD-59823. The yoga mat I received doesn't work as expected. Can you help?","Hi Maria, thanks for reaching out. I'm sorry the yoga mat didn't meet your expectations. I've initiated a refund for order ORD-59823; you should see the amount back in your account within 5-7 business days.",request a refund for a purchase,refund_initiated,reference
E0146,account_access,"Hi team, my account seems to have been suspended and I don't know why.","Hi Chloe, sorry for the trouble logging in. I've unlocked your account — please try logging in again, and use the 'Forgot Password' link if you'd like to set a new password.",resolve an issue accessing their account,access_restored_or_steps_provided,evaluation
E0379,exchange_request,"Hi team, can I swap the running shoes in order ORD-10142 for a different color?","Hi Maria, of course! I've started an exchange for order ORD-10142 — a prepaid return label is on its way to your email, and we'll ship the replacement as soon as the original is on its way back to us.",exchange a purchased item for a different size or variant,exchange_initiated,reference
E0377,address_change,"Hi team, please change the delivery address on my order ORD-45916.","Hello Wei, good news — order ORD-45916 hadn't shipped yet, so I was able to update the address as requested.",update or correct a shipping address,address_updated,evaluation
E0218,duplicate_charge,"Hi, I was charged twice for order ORD-62431. Can you refund the duplicate charge?","Hello Ravi, thanks for letting us know. I've verified the duplicate charge and processed a refund for the second charge on order ORD-62431.",report being charged twice for the same order,duplicate_refunded,reference
E0200,billing_issue,"Hello, my invoice for air purifier shows $149.99 but I was expecting a different amount. Can you clarify?","Hello Sofia, I reviewed your billing history and found the discrepancy. I've corrected it on our end and you should see an updated statement within one billing cycle.",resolve a billing discrepancy,billing_corrected_or_explained,reference
E0323,complaint,"Hello, I want to formally complain about how my recent order (ORD-75639) was handled.","Hi Jordan, I'm sorry to hear about your experience with order ORD-75639 — that falls short of what we aim for. I've escalated this to our support lead and will personally follow up to make sure it's resolved.",voice a general complaint about service or experience,acknowledged_and_escalated,reference
E0390,exchange_request,"Hi, I'd like to exchange the running shoes from order ORD-44365 for a different size. How do I do that?","Hi Alex, of course! I've started an exchange for order ORD-44365 — a prepaid return label is on its way to your email, and we'll ship the replacement as soon as the original is on its way back to us.",exchange a purchased item for a different size or variant,exchange_initiated,reference
E0130,cancellation,"Hello, please cancel my order for the blender (ORD-79621). I no longer need it.","Hi Lucas, I've cancelled order ORD-79621 for you. Since it hadn't shipped yet, no charges will be applied and any pending authorization will be released within a few business days.",cancel an order before it ships,order_cancelled,reference
E0182,password_reset,"Hi, I forgot my password and the reset email isn't arriving. Can you help me regain access?","Hi Emma, I've manually triggered a password reset email to the address on file — please check your inbox and spam folder over the next few minutes. Let me know if it still doesn't arrive.",request help resetting their password,steps_provided,evaluation
E0080,delayed_delivery,"Hello, the bluetooth speaker I ordered (ORD-31992) is significantly delayed. Where is it?","Hello Diego, apologies for the inconvenience. Order ORD-31992 is currently delayed in transit. I've escalated this to our logistics team and will update you as soon as I have a new estimated delivery date.",report that a delivery is delayed and ask for an update,escalation_or_update,reference
E0017,refund_request,"Hi team, I purchased a yoga mat on July 6 (order ORD-24621) and would like to return it for a refund.","Hello Aisha, I understand the frustration. I've processed a refund request for order ORD-24621. Please allow 5-7 business days for the funds to appear on your original payment method.",request a refund for a purchase,refund_initiated,evaluation
E0331,technical_support,"Hello, I'm having trouble setting up my blender. The instructions don't seem to match what I'm seeing.","Hi Noah, sorry for the trouble. Could you try resetting the blender by holding the power button for 10 seconds, then reconnecting via Bluetooth? Let me know if that resolves it or if you'd like a video walkthrough.",get help with a technical problem using a product or service,troubleshooting_provided,reference
E0370,address_change,"Hi, I need to update the shipping address for order ORD-98635 before it ships. Can you help?","Hello Lucas, good news — order ORD-98635 hadn't shipped yet, so I was able to update the address as requested.",update or correct a shipping address,address_updated,reference
E0132,cancellation,"Hi, I need to cancel order ORD-70236 before it ships. Is that still possible?","Hello Emma, order ORD-70236 has been successfully cancelled. You won't be charged, and you'll receive a confirmation email shortly.",cancel an order before it ships,order_cancelled,reference
E0015,refund_request,"Hi, I'd like to request a refund for order ORD-30033. The laptop stand I received doesn't work as expected. Can you help?","Hi Maria, thanks for reaching out. I'm sorry the laptop stand didn't meet your expectations. I've initiated a refund for order ORD-30033; you should see the amount back in your account within 5-7 business days.",request a refund for a purchase,refund_initiated,evaluation
E0295,product_information,"Hi, can you tell me more about the running shoes? Specifically, I'd like to know about sizing and materials.","Hi Grace, happy to help! The running shoes comes with a 1-year limited warranty and detailed specs are listed on the product page. Let me know if you have any other questions before ordering.",ask for more information about a product before purchasing,information_provided,reference
E0192,billing_issue,"Hello, my invoice for bluetooth speaker shows $79.99 but I was expecting a different amount. Can you clarify?","Hi Aisha, thanks for flagging this. I looked into order ORD-20682 and the $79.99 charge reflects the item price plus applicable tax. I've attached a breakdown for clarity — let me know if anything still looks off.",resolve a billing discrepancy,billing_corrected_or_explained,reference
E0292,product_information,"Hi, can you tell me more about the coffee grinder? Specifically, I'd like to know about sizing and materials.","Hi Sofia, happy to help! The coffee grinder comes with a 1-year limited warranty and detailed specs are listed on the product page. Let me know if you have any other questions before ordering.",ask for more information about a product before purchasing,information_provided,reference
E0209,billing_issue,"Hi, I noticed a charge on my statement I don't recognize for order ORD-88215. Can you explain this?","Hi Liam, thanks for flagging this. I looked into order ORD-88215 and the $149.00 charge reflects the item price plus applicable tax. I've attached a breakdown for clarity — let me know if anything still looks off.",resolve a billing discrepancy,billing_corrected_or_explained,evaluation
E0336,technical_support,"Hello, I'm having trouble setting up my smart watch. The instructions don't seem to match what I'm seeing.","Hello Aisha, thanks for the details. This is usually caused by outdated firmware — could you update the smart watch's firmware through the companion app and try again?",get help with a technical problem using a product or service,troubleshooting_provided,evaluation
E0266,subscription_cancellation,"Hi team, how do I cancel my subscription before the next billing date?","Hi Diego, I've cancelled your subscription effective immediately. You won't be billed going forward, and you'll retain access until the end of your current billing period.",cancel a recurring subscription,subscription_cancelled,reference
E0097,damaged_product,"Hi, I received my backpack today (order ORD-72746) but it arrived damaged. What are my options?","Hello Liam, apologies for the damage on order ORD-72746. I've started a replacement shipment for you at no extra cost, and you won't need to return the damaged item.",report that a received product arrived damaged,replacement_or_refund,evaluation
E0046,order_status,"Hi, can you tell me the status of my order ORD-81511? I placed it on June 19 and haven't heard anything.","Hi Sam, thanks for checking in. Order ORD-81511 is currently being processed and is on track to ship soon. You'll receive a tracking number by email once it leaves our warehouse.",check the current status of an order,status_provided,reference
E0214,billing_issue,"Hi, I noticed a charge on my statement I don't recognize for order ORD-81567. Can you explain this?","Hi Diego, thanks for flagging this. I looked into order ORD-81567 and the $129.99 charge reflects the item price plus applicable tax. I've attached a breakdown for clarity — let me know if anything still looks off.",resolve a billing discrepancy,billing_corrected_or_explained,reference
E0365,address_change,"Hi, I need to update the shipping address for order ORD-55688 before it ships. Can you help?","Hello Emma, good news — order ORD-55688 hadn't shipped yet, so I was able to update the address as requested.",update or correct a shipping address,address_updated,reference
E0165,password_reset,"Hello, I'd like to reset my password but I'm not receiving the reset link. What can I do?","Hello Diego, sorry about that. I've resent the password reset link to your registered email. If it doesn't show up shortly, I can reset it manually from our end.",request help resetting their password,steps_provided,reference
E0227,duplicate_charge,"Hi, I was charged twice for order ORD-75410. Can you refund the duplicate charge?","Hi Wei, I'm sorry for the duplicate charge on order ORD-75410. I've confirmed it was billed twice in error and have refunded the extra charge; it should appear in 5-7 business days.",report being charged twice for the same order,duplicate_refunded,reference
E0350,technical_support,"Hi team, the app keeps crashing when I try to pair it with my blender.","Hi Aisha, sorry for the trouble. Could you try resetting the blender by holding the power button for 10 seconds, then reconnecting via Bluetooth? Let me know if that resolves it or if you'd like a video walkthrough.",get help with a technical problem using a product or service,troubleshooting_provided,reference
E0069,delayed_delivery,"Hi, my order ORD-45614 was supposed to arrive by June 18 but it still hasn't shown up. Can you check what's going on?","Hello Lucas, apologies for the inconvenience. Order ORD-45614 is currently delayed in transit. I've escalated this to our logistics team and will update you as soon as I have a new estimated delivery date.",report that a delivery is delayed and ask for an update,escalation_or_update,reference
E0362,address_change,"Hi, I need to update the shipping address for order ORD-46025 before it ships. Can you help?","Hello Priya, good news — order ORD-46025 hadn't shipped yet, so I was able to update the address as requested.",update or correct a shipping address,address_updated,reference
E0051,order_status,"Hi, can you tell me the status of my order ORD-50001? I placed it on April 8 and haven't heard anything.","Hello Diego, I checked on order ORD-50001 for you — it's in our fulfillment queue and should ship within 1-2 business days.",check the current status of an order,status_provided,reference
E0252,subscription_cancellation,"Hi, I'd like to cancel my subscription. Please make sure I'm not billed again.","Hi Chloe, I've cancelled your subscription effective immediately. You won't be billed going forward, and you'll retain access until the end of your current billing period.",cancel a recurring subscription,subscription_cancelled,reference
E0144,account_access,"Hi team, my account seems to have been suspended and I don't know why.","Hi Jordan, sorry for the trouble logging in. I've unlocked your account — please try logging in again, and use the 'Forgot Password' link if you'd like to set a new password.",resolve an issue accessing their account,access_restored_or_steps_provided,evaluation
E0160,account_access,"Hi, I can't log into my account anymore. It keeps saying my credentials are invalid. Can you help?","Hi Omar, sorry for the trouble logging in. I've unlocked your account — please try logging in again, and use the 'Forgot Password' link if you'd like to set a new password.",resolve an issue accessing their account,access_restored_or_steps_provided,reference
E0156,account_access,"Hi team, my account seems to have been suspended and I don't know why.","Hi Sofia, sorry for the trouble logging in. I've unlocked your account — please try logging in again, and use the 'Forgot Password' link if you'd like to set a new password.",resolve an issue accessing their account,access_restored_or_steps_provided,evaluation
E0173,password_reset,"Hello, I'd like to reset my password but I'm not receiving the reset link. What can I do?","Hello Maria, sorry about that. I've resent the password reset link to your registered email. If it doesn't show up shortly, I can reset it manually from our end.",request help resetting their password,steps_provided,reference
E0011,refund_request,"Hi team, I purchased a smart watch on January 26 (order ORD-40021) and would like to return it for a refund.","Hello Priya, I understand the frustration. I've processed a refund request for order ORD-40021. Please allow 5-7 business days for the funds to appear on your original payment method.",request a refund for a purchase,refund_initiated,reference
E0191,billing_issue,"Hi team, there seems to be a billing error on my account related to order ORD-53213.","Hello Jordan, I reviewed your billing history and found the discrepancy. I've corrected it on our end and you should see an updated statement within one billing cycle.",resolve a billing discrepancy,billing_corrected_or_explained,reference
E0375,address_change,"Hi team, please change the delivery address on my order ORD-99463.","Hello Aisha, good news — order ORD-99463 hadn't shipped yet, so I was able to update the address as requested.",update or correct a shipping address,address_updated,reference
E0351,technical_support,"Hi, my water bottle isn't connecting properly. I've tried restarting it but no luck. Can you help?","Hello Chloe, thanks for the details. This is usually caused by outdated firmware — could you update the water bottle's firmware through the companion app and try again?",get help with a technical problem using a product or service,troubleshooting_provided,reference
E0026,refund_request,"Hi, I'd like to request a refund for order ORD-77391. The running shoes I received doesn't work as expected. Can you help?","Hello Jordan, I understand the frustration. I've processed a refund request for order ORD-77391. Please allow 5-7 business days for the funds to appear on your original payment method.",request a refund for a purchase,refund_initiated,reference
E0122,cancellation,"Hi, I need to cancel order ORD-60196 before it ships. Is that still possible?","Hi Hana, I've cancelled order ORD-60196 for you. Since it hadn't shipped yet, no charges will be applied and any pending authorization will be released within a few business days.",cancel an order before it ships,order_cancelled,reference
E0170,password_reset,"Hello, I'd like to reset my password but I'm not receiving the reset link. What can I do?","Hello Wei, sorry about that. I've resent the password reset link to your registered email. If it doesn't show up shortly, I can reset it manually from our end.",request help resetting their password,steps_provided,reference
E0348,technical_support,"Hello, I'm having trouble setting up my office chair. The instructions don't seem to match what I'm seeing.","Hi Sofia, sorry for the trouble. Could you try resetting the office chair by holding the power button for 10 seconds, then reconnecting via Bluetooth? Let me know if that resolves it or if you'd like a video walkthrough.",get help with a technical problem using a product or service,troubleshooting_provided,reference
E0290,product_information,"Hi team, I have a few questions about the desk lamp before I order it.","Hello Maria, thanks for your interest in the desk lamp. It's available in multiple sizes and includes care instructions in the box. I'm happy to answer any other questions.",ask for more information about a product before purchasing,information_provided,reference
E0206,billing_issue,"Hi, I noticed a charge on my statement I don't recognize for order ORD-71925. Can you explain this?","Hi Noah, thanks for flagging this. I looked into order ORD-71925 and the $129.99 charge reflects the item price plus applicable tax. I've attached a breakdown for clarity — let me know if anything still looks off.",resolve a billing discrepancy,billing_corrected_or_explained,reference
E0074,delayed_delivery,"Hello, the notebook set I ordered (ORD-71261) is significantly delayed. Where is it?","Hello Wei, apologies for the inconvenience. Order ORD-71261 is currently delayed in transit. I've escalated this to our logistics team and will update you as soon as I have a new estimated delivery date.",report that a delivery is delayed and ask for an update,escalation_or_update,reference
E0207,billing_issue,"Hi team, there seems to be a billing error on my account related to order ORD-12490.","Hi Jordan, thanks for flagging this. I looked into order ORD-12490 and the $39.99 charge reflects the item price plus applicable tax. I've attached a breakdown for clarity — let me know if anything still looks off.",resolve a billing discrepancy,billing_corrected_or_explained,evaluation
E0316,complaint,"Hello, I want to formally complain about how my recent order (ORD-20357) was handled.","Hello Chloe, thank you for your patience and for letting us know. I've logged your feedback about order ORD-20357 and escalated it internally so we can prevent this going forward.",voice a general complaint about service or experience,acknowledged_and_escalated,reference
E0338,technical_support,"Hi team, the app keeps crashing when I try to pair it with my yoga mat.","Hi Aisha, sorry for the trouble. Could you try resetting the yoga mat by holding the power button for 10 seconds, then reconnecting via Bluetooth? Let me know if that resolves it or if you'd like a video walkthrough.",get help with a technical problem using a product or service,troubleshooting_provided,reference
E0020,refund_request,"Hello, I'm not happy with my recent purchase (ORD-57576). I'd like a full refund for the notebook set, please.","Hi Maria, thanks for reaching out. I'm sorry the notebook set didn't meet your expectations. I've initiated a refund for order ORD-57576; you should see the amount back in your account within 5-7 business days.",request a refund for a purchase,refund_initiated,reference
E0399,exchange_request,"Hello, the water bottle I received doesn't fit as expected. Can I exchange it for another size?","Hi Hana, of course! I've started an exchange for order ORD-98358 — a prepaid return label is on its way to your email, and we'll ship the replacement as soon as the original is on its way back to us.",exchange a purchased item for a different size or variant,exchange_initiated,reference
E0249,subscription_cancellation,"Hi team, how do I cancel my subscription before the next billing date?","Hi Maria, I've cancelled your subscription effective immediately. You won't be billed going forward, and you'll retain access until the end of your current billing period.",cancel a recurring subscription,subscription_cancelled,reference
E0197,billing_issue,"Hi team, there seems to be a billing error on my account related to order ORD-91006.","Hi Aisha, thanks for flagging this. I looked into order ORD-91006 and the $39.00 charge reflects the item price plus applicable tax. I've attached a breakdown for clarity — let me know if anything still looks off.",resolve a billing discrepancy,billing_corrected_or_explained,reference
E0392,exchange_request,"Hello, the desk lamp I received doesn't fit as expected. Can I exchange it for another size?","Hi Noah, of course! I've started an exchange for order ORD-20357 — a prepaid return label is on its way to your email, and we'll ship the replacement as soon as the original is on its way back to us.",exchange a purchased item for a different size or variant,exchange_initiated,reference
E0211,billing_issue,"Hi, I noticed a charge on my statement I don't recognize for order ORD-57265. Can you explain this?","Hi Grace, thanks for flagging this. I looked into order ORD-57265 and the $149.00 charge reflects the item price plus applicable tax. I've attached a breakdown for clarity — let me know if anything still looks off.",resolve a billing discrepancy,billing_corrected_or_explained,reference
E0366,address_change,"Hi, I need to update the shipping address for order ORD-92938 before it ships. Can you help?","Hello Ethan, good news — order ORD-92938 hadn't shipped yet, so I was able to update the address as requested.",update or correct a shipping address,address_updated,reference
E0356,address_change,"Hi team, please change the delivery address on my order ORD-25448.","Hi Aisha, I've updated the shipping address for order ORD-25448. Since it hasn't shipped yet, the new address will be used for delivery.",update or correct a shipping address,address_updated,evaluation
E0147,account_access,"Hi team, my account seems to have been suspended and I don't know why.","Hi Ravi, sorry for the trouble logging in. I've unlocked your account — please try logging in again, and use the 'Forgot Password' link if you'd like to set a new password.",resolve an issue accessing their account,access_restored_or_steps_provided,reference
E0304,complaint,"Hi team, I've had a frustrating experience with support regarding desk lamp and want this addressed.","Hi Chloe, I'm sorry to hear about your experience with order ORD-41369 — that falls short of what we aim for. I've escalated this to our support lead and will personally follow up to make sure it's resolved.",voice a general complaint about service or experience,acknowledged_and_escalated,evaluation
E0374,address_change,"Hi, I need to update the shipping address for order ORD-52318 before it ships. Can you help?","Hello Emma, good news — order ORD-52318 hadn't shipped yet, so I was able to update the address as requested.",update or correct a shipping address,address_updated,reference
E0055,delayed_delivery,"Hi team, order ORD-85574 is past its estimated delivery date. Can you look into this?","Hi Chloe, I'm sorry for the delay with order ORD-85574. I've checked with our shipping partner and it looks like there was a delay in transit. I've flagged this for priority handling and will follow up with an updated delivery date shortly.",report that a delivery is delayed and ask for an update,escalation_or_update,reference
E0052,order_status,"Hello, I'd like an update on order ORD-19099 for the air purifier. Is it still on track?","Hello Emma, I checked on order ORD-19099 for you — it's in our fulfillment queue and should ship within 1-2 business days.",check the current status of an order,status_provided,reference
E0299,complaint,"Hi, I'm really unhappy with the service I received regarding order ORD-28920. This isn't the experience I expected.","Hi Noah, I'm sorry to hear about your experience with order ORD-28920 — that falls short of what we aim for. I've escalated this to our support lead and will personally follow up to make sure it's resolved.",voice a general complaint about service or experience,acknowledged_and_escalated,reference
E0363,address_change,"Hi team, please change the delivery address on my order ORD-76952.","Hello Omar, good news — order ORD-76952 hadn't shipped yet, so I was able to update the address as requested.",update or correct a shipping address,address_updated,reference
E0291,product_information,"Hi, can you tell me more about the laptop stand? Specifically, I'd like to know about sizing and materials.","Hi Noah, happy to help! The laptop stand comes with a 1-year limited warranty and detailed specs are listed on the product page. Let me know if you have any other questions before ordering.",ask for more information about a product before purchasing,information_provided,reference
E0402,exchange_request,"Hi, I'd like to exchange the laptop stand from order ORD-75803 for a different size. How do I do that?","Hello Maria, happy to help with the exchange. I've arranged for a new laptop stand to be shipped and included a prepaid label for returning the original from order ORD-75803.",exchange a purchased item for a different size or variant,exchange_initiated,reference
E0077,delayed_delivery,"Hello, the backpack I ordered (ORD-20735) is significantly delayed. Where is it?","Hello Emma, apologies for the inconvenience. Order ORD-20735 is currently delayed in transit. I've escalated this to our logistics team and will update you as soon as I have a new estimated delivery date.",report that a delivery is delayed and ask for an update,escalation_or_update,reference
E0213,billing_issue,"Hi, I noticed a charge on my statement I don't recognize for order ORD-96127. Can you explain this?","Hello Lucas, I reviewed your billing history and found the discrepancy. I've corrected it on our end and you should see an updated statement within one billing cycle.",resolve a billing discrepancy,billing_corrected_or_explained,reference
E0058,delayed_delivery,"Hi team, order ORD-26683 is past its estimated delivery date. Can you look into this?","Hello Omar, apologies for the inconvenience. Order ORD-26683 is currently delayed in transit. I've escalated this to our logistics team and will update you as soon as I have a new estimated delivery date.",report that a delivery is delayed and ask for an update,escalation_or_update,reference
E0371,address_change,"Hi team, please change the delivery address on my order ORD-69243.","Hello Chloe, good news — order ORD-69243 hadn't shipped yet, so I was able to update the address as requested.",update or correct a shipping address,address_updated,reference
E0358,address_change,"Hello, I entered the wrong address on order ORD-93296. Can this be corrected?","Hi Liam, I've updated the shipping address for order ORD-93296. Since it hasn't shipped yet, the new address will be used for delivery.",update or correct a shipping address,address_updated,reference
E0301,complaint,"Hello, I want to formally complain about how my recent order (ORD-34966) was handled.","Hi Omar, I'm sorry to hear about your experience with order ORD-34966 — that falls short of what we aim for. I've escalated this to our support lead and will personally follow up to make sure it's resolved.",voice a general complaint about service or experience,acknowledged_and_escalated,reference
E0007,refund_request,"Hi team, I purchased a water bottle on February 2 (order ORD-35203) and would like to return it for a refund.","Hello Hana, I understand the frustration. I've processed a refund request for order ORD-35203. Please allow 5-7 business days for the funds to appear on your original payment method.",request a refund for a purchase,refund_initiated,reference
E0235,duplicate_charge,"Hi team, order ORD-66704 appears to have been billed twice by mistake.","Hi Sam, I'm sorry for the duplicate charge on order ORD-66704. I've confirmed it was billed twice in error and have refunded the extra charge; it should appear in 5-7 business days.",report being charged twice for the same order,duplicate_refunded,reference
E0267,subscription_cancellation,"Hi, I'd like to cancel my subscription. Please make sure I'm not billed again.","Hello Omar, your subscription has been cancelled as requested. No further charges will be made, and you'll receive a confirmation email shortly.",cancel a recurring subscription,subscription_cancelled,reference
E0142,account_access,"Hi, I can't log into my account anymore. It keeps saying my credentials are invalid. Can you help?","Hello Alex, I've reviewed your account and lifted the temporary lock caused by repeated login attempts. You should be able to sign in normally now.",resolve an issue accessing their account,access_restored_or_steps_provided,evaluation
E0167,password_reset,"Hello, I'd like to reset my password but I'm not receiving the reset link. What can I do?","Hi Ethan, I've manually triggered a password reset email to the address on file — please check your inbox and spam folder over the next few minutes. Let me know if it still doesn't arrive.",request help resetting their password,steps_provided,reference
E0283,product_information,"Hi, can you tell me more about the coffee grinder? Specifically, I'd like to know about sizing and materials.","Hi Hana, happy to help! The coffee grinder comes with a 1-year limited warranty and detailed specs are listed on the product page. Let me know if you have any other questions before ordering.",ask for more information about a product before purchasing,information_provided,reference
E0396,exchange_request,"Hi, I'd like to exchange the water bottle from order ORD-45227 for a different size. How do I do that?","Hello Sam, happy to help with the exchange. I've arranged for a new water bottle to be shipped and included a prepaid label for returning the original from order ORD-45227.",exchange a purchased item for a different size or variant,exchange_initiated,reference
E0285,product_information,"Hi, can you tell me more about the wireless headphones? Specifically, I'd like to know about sizing and materials.","Hello Sofia, thanks for your interest in the wireless headphones. It's available in multiple sizes and includes care instructions in the box. I'm happy to answer any other questions.",ask for more information about a product before purchasing,information_provided,reference
E0359,address_change,"Hello, I entered the wrong address on order ORD-34523. Can this be corrected?","Hello Sam, good news — order ORD-34523 hadn't shipped yet, so I was able to update the address as requested.",update or correct a shipping address,address_updated,evaluation
E0045,order_status,"Hi, can you tell me the status of my order ORD-67912? I placed it on December 14 and haven't heard anything.","Hello Wei, I checked on order ORD-67912 for you — it's in our fulfillment queue and should ship within 1-2 business days.",check the current status of an order,status_provided,evaluation
E0035,order_status,"Hi there, just checking in on order ORD-16572 placed August 17. Any updates?","Hello Priya, I checked on order ORD-16572 for you — it's in our fulfillment queue and should ship within 1-2 business days.",check the current status of an order,status_provided,reference
E0164,password_reset,"Hi team, how do I reset my account password? I tried the usual link with no luck.","Hi Ravi, I've manually triggered a password reset email to the address on file — please check your inbox and spam folder over the next few minutes. Let me know if it still doesn't arrive.",request help resetting their password,steps_provided,reference
E0133,cancellation,"Hi team, can you cancel order ORD-67898? I placed it by mistake.","Hi Jordan, I've cancelled order ORD-67898 for you. Since it hadn't shipped yet, no charges will be applied and any pending authorization will be released within a few business days.",cancel an order before it ships,order_cancelled,reference
E0305,complaint,"Hello, I want to formally complain about how my recent order (ORD-44283) was handled.","Hello Noah, thank you for your patience and for letting us know. I've logged your feedback about order ORD-44283 and escalated it internally so we can prevent this going forward.",voice a general complaint about service or experience,acknowledged_and_escalated,reference
E0341,technical_support,"Hello, I'm having trouble setting up my standing desk. The instructions don't seem to match what I'm seeing.","Hi Ravi, sorry for the trouble. Could you try resetting the standing desk by holding the power button for 10 seconds, then reconnecting via Bluetooth? Let me know if that resolves it or if you'd like a video walkthrough.",get help with a technical problem using a product or service,troubleshooting_provided,evaluation
E0322,complaint,"Hello, I want to formally complain about how my recent order (ORD-41519) was handled.","Hi Hana, I'm sorry to hear about your experience with order ORD-41519 — that falls short of what we aim for. I've escalated this to our support lead and will personally follow up to make sure it's resolved.",voice a general complaint about service or experience,acknowledged_and_escalated,reference
E0104,damaged_product,"Hi, unfortunately my order ORD-91927 arrived broken. I'd like a replacement or refund.","Hi Emma, I'm sorry to hear the bluetooth speaker arrived damaged — that's not the experience we want for you. I can send a free replacement or process a full refund for order ORD-91927, whichever you'd prefer.",report that a received product arrived damaged,replacement_or_refund,reference
E0223,duplicate_charge,"Hi team, order ORD-77251 appears to have been billed twice by mistake.","Hello Diego, thanks for letting us know. I've verified the duplicate charge and processed a refund for the second charge on order ORD-77251.",report being charged twice for the same order,duplicate_refunded,reference
E0349,technical_support,"Hi, my air purifier isn't connecting properly. I've tried restarting it but no luck. Can you help?","Hello Maria, thanks for the details. This is usually caused by outdated firmware — could you update the air purifier's firmware through the companion app and try again?",get help with a technical problem using a product or service,troubleshooting_provided,reference
E0217,duplicate_charge,"Hello, I see two identical charges of $79.99 on my card for the same office chair order. Please help.","Hi Fatima, I'm sorry for the duplicate charge on order ORD-47501. I've confirmed it was billed twice in error and have refunded the extra charge; it should appear in 5-7 business days.",report being charged twice for the same order,duplicate_refunded,reference
E0022,refund_request,"Hi, I'd like to request a refund for order ORD-31643. The yoga mat I received doesn't work as expected. Can you help?","Hello Omar, I understand the frustration. I've processed a refund request for order ORD-31643. Please allow 5-7 business days for the funds to appear on your original payment method.",request a refund for a purchase,refund_initiated,reference
E0065,delayed_delivery,"Hello, the backpack I ordered (ORD-77889) is significantly delayed. Where is it?","Hi Wei, I'm sorry for the delay with order ORD-77889. I've checked with our shipping partner and it looks like there was a delay in transit. I've flagged this for priority handling and will follow up with an updated delivery date shortly.",report that a delivery is delayed and ask for an update,escalation_or_update,reference
E0099,damaged_product,"Hi, I received my standing desk today (order ORD-42530) but it arrived damaged. What are my options?","Hello Jordan, apologies for the damage on order ORD-42530. I've started a replacement shipment for you at no extra cost, and you won't need to return the damaged item.",report that a received product arrived damaged,replacement_or_refund,reference
E0109,cancellation,"Hi team, can you cancel order ORD-71669? I placed it by mistake.","Hi Wei, I've cancelled order ORD-71669 for you. Since it hadn't shipped yet, no charges will be applied and any pending authorization will be released within a few business days.",cancel an order before it ships,order_cancelled,reference
E0086,damaged_product,"Hello, the office chair from order ORD-45179 came with visible damage during shipping. Can you help?","Hello Hana, apologies for the damage on order ORD-45179. I've started a replacement shipment for you at no extra cost, and you won't need to return the damaged item.",report that a received product arrived damaged,replacement_or_refund,reference
E0089,damaged_product,"Hello, the desk lamp from order ORD-11330 came with visible damage during shipping. Can you help?","Hello Omar, apologies for the damage on order ORD-11330. I've started a replacement shipment for you at no extra cost, and you won't need to return the damaged item.",report that a received product arrived damaged,replacement_or_refund,reference
E0230,duplicate_charge,"Hi team, order ORD-82089 appears to have been billed twice by mistake.","Hello Jordan, thanks for letting us know. I've verified the duplicate charge and processed a refund for the second charge on order ORD-82089.",report being charged twice for the same order,duplicate_refunded,reference
E0062,delayed_delivery,"Hi, my order ORD-39444 was supposed to arrive by April 5 but it still hasn't shown up. Can you check what's going on?","Hi Noah, I'm sorry for the delay with order ORD-39444. I've checked with our shipping partner and it looks like there was a delay in transit. I've flagged this for priority handling and will follow up with an updated delivery date shortly.",report that a delivery is delayed and ask for an update,escalation_or_update,reference
E0076,delayed_delivery,"Hi, my order ORD-52906 was supposed to arrive by August 11 but it still hasn't shown up. Can you check what's going on?","Hello Chloe, apologies for the inconvenience. Order ORD-52906 is currently delayed in transit. I've escalated this to our logistics team and will update you as soon as I have a new estimated delivery date.",report that a delivery is delayed and ask for an update,escalation_or_update,reference
E0318,complaint,"Hello, I want to formally complain about how my recent order (ORD-82443) was handled.","Hello Chloe, thank you for your patience and for letting us know. I've logged your feedback about order ORD-82443 and escalated it internally so we can prevent this going forward.",voice a general complaint about service or experience,acknowledged_and_escalated,reference
E0345,technical_support,"Hello, I'm having trouble setting up my air purifier. The instructions don't seem to match what I'm seeing.","Hello Chloe, thanks for the details. This is usually caused by outdated firmware — could you update the air purifier's firmware through the companion app and try again?",get help with a technical problem using a product or service,troubleshooting_provided,evaluation
E0265,subscription_cancellation,"Hi, I'd like to cancel my subscription. Please make sure I'm not billed again.","Hello Chloe, your subscription has been cancelled as requested. No further charges will be made, and you'll receive a confirmation email shortly.",cancel a recurring subscription,subscription_cancelled,reference
E0293,product_information,"Hi team, I have a few questions about the running shoes before I order it.","Hello Ethan, thanks for your interest in the running shoes. It's available in multiple sizes and includes care instructions in the box. I'm happy to answer any other questions.",ask for more information about a product before purchasing,information_provided,reference
E0258,subscription_cancellation,"Hi team, how do I cancel my subscription before the next billing date?","Hi Hana, I've cancelled your subscription effective immediately. You won't be billed going forward, and you'll retain access until the end of your current billing period.",cancel a recurring subscription,subscription_cancelled,evaluation
E0018,refund_request,"Hi team, I purchased a desk lamp on February 28 (order ORD-33416) and would like to return it for a refund.","Hello Grace, I understand the frustration. I've processed a refund request for order ORD-33416. Please allow 5-7 business days for the funds to appear on your original payment method.",request a refund for a purchase,refund_initiated,reference
E0203,billing_issue,"Hello, my invoice for notebook set shows $129.99 but I was expecting a different amount. Can you clarify?","Hi Ravi, thanks for flagging this. I looked into order ORD-22021 and the $129.99 charge reflects the item price plus applicable tax. I've attached a breakdown for clarity — let me know if anything still looks off.",resolve a billing discrepancy,billing_corrected_or_explained,evaluation
E0041,order_status,"Hi, can you tell me the status of my order ORD-49651? I placed it on November 17 and haven't heard anything.","Hello Omar, I checked on order ORD-49651 for you — it's in our fulfillment queue and should ship within 1-2 business days.",check the current status of an order,status_provided,reference
E0154,account_access,"Hi, I can't log into my account anymore. It keeps saying my credentials are invalid. Can you help?","Hello Lucas, I've reviewed your account and lifted the temporary lock caused by repeated login attempts. You should be able to sign in normally now.",resolve an issue accessing their account,access_restored_or_steps_provided,reference
E0354,address_change,"Hi team, please change the delivery address on my order ORD-60939.","Hello Ethan, good news — order ORD-60939 hadn't shipped yet, so I was able to update the address as requested.",update or correct a shipping address,address_updated,reference
E0121,cancellation,"Hi team, can you cancel order ORD-53573? I placed it by mistake.","Hello Diego, order ORD-53573 has been successfully cancelled. You won't be charged, and you'll receive a confirmation email shortly.",cancel an order before it ships,order_cancelled,reference
E0294,product_information,"Hello, does the blender come with a warranty? I'm considering buying one.","Hi Lucas, happy to help! The blender comes with a 1-year limited warranty and detailed specs are listed on the product page. Let me know if you have any other questions before ordering.",ask for more information about a product before purchasing,information_provided,reference
E0244,subscription_cancellation,"Hi team, how do I cancel my subscription before the next billing date?","Hi Aisha, I've cancelled your subscription effective immediately. You won't be billed going forward, and you'll retain access until the end of your current billing period.",cancel a recurring subscription,subscription_cancelled,reference
E0352,address_change,"Hello, I entered the wrong address on order ORD-36972. Can this be corrected?","Hi Fatima, I've updated the shipping address for order ORD-36972. Since it hasn't shipped yet, the new address will be used for delivery.",update or correct a shipping address,address_updated,reference
E0275,product_information,"Hi, can you tell me more about the laptop stand? Specifically, I'd like to know about sizing and materials.","Hello Noah, thanks for your interest in the laptop stand. It's available in multiple sizes and includes care instructions in the box. I'm happy to answer any other questions.",ask for more information about a product before purchasing,information_provided,reference
E0215,billing_issue,"Hi team, there seems to be a billing error on my account related to order ORD-18270.","Hi Sam, thanks for flagging this. I looked into order ORD-18270 and the $59.00 charge reflects the item price plus applicable tax. I've attached a breakdown for clarity — let me know if anything still looks off.",resolve a billing discrepancy,billing_corrected_or_explained,reference
E0268,subscription_cancellation,"Hi, I'd like to cancel my subscription. Please make sure I'm not billed again.","Hi Grace, I've cancelled your subscription effective immediately. You won't be billed going forward, and you'll retain access until the end of your current billing period.",cancel a recurring subscription,subscription_cancelled,reference
E0388,exchange_request,"Hi, I'd like to exchange the desk lamp from order ORD-19307 for a different size. How do I do that?","Hello Ethan, happy to help with the exchange. I've arranged for a new desk lamp to be shipped and included a prepaid label for returning the original from order ORD-19307.",exchange a purchased item for a different size or variant,exchange_initiated,reference
E0373,address_change,"Hi team, please change the delivery address on my order ORD-18300.","Hello Diego, good news — order ORD-18300 hadn't shipped yet, so I was able to update the address as requested.",update or correct a shipping address,address_updated,reference
E0284,product_information,"Hi, can you tell me more about the standing desk? Specifically, I'd like to know about sizing and materials.","Hi Hana, happy to help! The standing desk comes with a 1-year limited warranty and detailed specs are listed on the product page. Let me know if you have any other questions before ordering.",ask for more information about a product before purchasing,information_provided,reference
E0117,cancellation,"Hi, I need to cancel order ORD-48254 before it ships. Is that still possible?","Hi Liam, I've cancelled order ORD-48254 for you. Since it hadn't shipped yet, no charges will be applied and any pending authorization will be released within a few business days.",cancel an order before it ships,order_cancelled,evaluation
E0302,complaint,"Hi, I'm really unhappy with the service I received regarding order ORD-98008. This isn't the experience I expected.","Hi Hana, I'm sorry to hear about your experience with order ORD-98008 — that falls short of what we aim for. I've escalated this to our support lead and will personally follow up to make sure it's resolved.",voice a general complaint about service or experience,acknowledged_and_escalated,reference
E0212,billing_issue,"Hello, my invoice for blender shows $19.99 but I was expecting a different amount. Can you clarify?","Hello Priya, I reviewed your billing history and found the discrepancy. I've corrected it on our end and you should see an updated statement within one billing cycle.",resolve a billing discrepancy,billing_corrected_or_explained,reference
E0278,product_information,"Hello, does the office chair come with a warranty? I'm considering buying one.","Hi Emma, happy to help! The office chair comes with a 1-year limited warranty and detailed specs are listed on the product page. Let me know if you have any other questions before ordering.",ask for more information about a product before purchasing,information_provided,reference
E0177,password_reset,"Hello, I'd like to reset my password but I'm not receiving the reset link. What can I do?","Hi Ravi, I've manually triggered a password reset email to the address on file — please check your inbox and spam folder over the next few minutes. Let me know if it still doesn't arrive.",request help resetting their password,steps_provided,reference
E0343,technical_support,"Hi, my laptop stand isn't connecting properly. I've tried restarting it but no luck. Can you help?","Hi Diego, sorry for the trouble. Could you try resetting the laptop stand by holding the power button for 10 seconds, then reconnecting via Bluetooth? Let me know if that resolves it or if you'd like a video walkthrough.",get help with a technical problem using a product or service,troubleshooting_provided,reference
E0044,order_status,"Hello, I'd like an update on order ORD-93136 for the blender. Is it still on track?","Hi Jordan, thanks for checking in. Order ORD-93136 is currently being processed and is on track to ship soon. You'll receive a tracking number by email once it leaves our warehouse.",check the current status of an order,status_provided,reference
E0050,order_status,"Hello, I'd like an update on order ORD-60140 for the smart watch. Is it still on track?","Hi Maria, thanks for checking in. Order ORD-60140 is currently being processed and is on track to ship soon. You'll receive a tracking number by email once it leaves our warehouse.",check the current status of an order,status_provided,reference
E0342,technical_support,"Hi team, the app keeps crashing when I try to pair it with my air purifier.","Hello Omar, thanks for the details. This is usually caused by outdated firmware — could you update the air purifier's firmware through the companion app and try again?",get help with a technical problem using a product or service,troubleshooting_provided,reference
E0357,address_change,"Hi team, please change the delivery address on my order ORD-60916.","Hi Grace, I've updated the shipping address for order ORD-60916. Since it hasn't shipped yet, the new address will be used for delivery.",update or correct a shipping address,address_updated,reference
E0078,delayed_delivery,"Hello, the wireless headphones I ordered (ORD-95426) is significantly delayed. Where is it?","Hi Jordan, I'm sorry for the delay with order ORD-95426. I've checked with our shipping partner and it looks like there was a delay in transit. I've flagged this for priority handling and will follow up with an updated delivery date shortly.",report that a delivery is delayed and ask for an update,escalation_or_update,reference
E0032,order_status,"Hi, can you tell me the status of my order ORD-63269? I placed it on August 7 and haven't heard anything.","Hi Wei, thanks for checking in. Order ORD-63269 is currently being processed and is on track to ship soon. You'll receive a tracking number by email once it leaves our warehouse.",check the current status of an order,status_provided,reference
E0289,product_information,"Hello, does the laptop stand come with a warranty? I'm considering buying one.","Hello Chloe, thanks for your interest in the laptop stand. It's available in multiple sizes and includes care instructions in the box. I'm happy to answer any other questions.",ask for more information about a product before purchasing,information_provided,reference
E0138,account_access,"Hi team, my account seems to have been suspended and I don't know why.","Hi Noah, sorry for the trouble logging in. I've unlocked your account — please try logging in again, and use the 'Forgot Password' link if you'd like to set a new password.",resolve an issue accessing their account,access_restored_or_steps_provided,reference
E0116,cancellation,"Hello, please cancel my order for the standing desk (ORD-63476). I no longer need it.","Hi Omar, I've cancelled order ORD-63476 for you. Since it hadn't shipped yet, no charges will be applied and any pending authorization will be released within a few business days.",cancel an order before it ships,order_cancelled,reference
E0380,exchange_request,"Hi team, can I swap the water bottle in order ORD-11056 for a different color?","Hello Alex, happy to help with the exchange. I've arranged for a new water bottle to be shipped and included a prepaid label for returning the original from order ORD-11056.",exchange a purchased item for a different size or variant,exchange_initiated,reference
E0239,duplicate_charge,"Hi team, order ORD-20646 appears to have been billed twice by mistake.","Hi Alex, I'm sorry for the duplicate charge on order ORD-20646. I've confirmed it was billed twice in error and have refunded the extra charge; it should appear in 5-7 business days.",report being charged twice for the same order,duplicate_refunded,reference
E0226,duplicate_charge,"Hi, I was charged twice for order ORD-58096. Can you refund the duplicate charge?","Hi Grace, I'm sorry for the duplicate charge on order ORD-58096. I've confirmed it was billed twice in error and have refunded the extra charge; it should appear in 5-7 business days.",report being charged twice for the same order,duplicate_refunded,reference
E0135,cancellation,"Hi team, can you cancel order ORD-48780? I placed it by mistake.","Hello Hana, order ORD-48780 has been successfully cancelled. You won't be charged, and you'll receive a confirmation email shortly.",cancel an order before it ships,order_cancelled,reference
E0023,refund_request,"Hi, I'd like to request a refund for order ORD-62296. The laptop stand I received doesn't work as expected. Can you help?","Hi Noah, thanks for reaching out. I'm sorry the laptop stand didn't meet your expectations. I've initiated a refund for order ORD-62296; you should see the amount back in your account within 5-7 business days.",request a refund for a purchase,refund_initiated,reference
E0229,duplicate_charge,"Hi, I was charged twice for order ORD-32630. Can you refund the duplicate charge?","Hi Sofia, I'm sorry for the duplicate charge on order ORD-32630. I've confirmed it was billed twice in error and have refunded the extra charge; it should appear in 5-7 business days.",report being charged twice for the same order,duplicate_refunded,evaluation
E0096,damaged_product,"Hello, the yoga mat from order ORD-82529 came with visible damage during shipping. Can you help?","Hi Priya, I'm sorry to hear the yoga mat arrived damaged — that's not the experience we want for you. I can send a free replacement or process a full refund for order ORD-82529, whichever you'd prefer.",report that a received product arrived damaged,replacement_or_refund,evaluation
E0386,exchange_request,"Hi team, can I swap the notebook set in order ORD-96298 for a different color?","Hello Alex, happy to help with the exchange. I've arranged for a new notebook set to be shipped and included a prepaid label for returning the original from order ORD-96298.",exchange a purchased item for a different size or variant,exchange_initiated,reference
E0196,billing_issue,"Hello, my invoice for coffee grinder shows $59.00 but I was expecting a different amount. Can you clarify?","Hello Fatima, I reviewed your billing history and found the discrepancy. I've corrected it on our end and you should see an updated statement within one billing cycle.",resolve a billing discrepancy,billing_corrected_or_explained,reference
E0190,billing_issue,"Hello, my invoice for air purifier shows $199.00 but I was expecting a different amount. Can you clarify?","Hello Chloe, I reviewed your billing history and found the discrepancy. I've corrected it on our end and you should see an updated statement within one billing cycle.",resolve a billing discrepancy,billing_corrected_or_explained,reference
E0095,damaged_product,"Hi, I received my office chair today (order ORD-39816) but it arrived damaged. What are my options?","Hi Noah, I'm sorry to hear the office chair arrived damaged — that's not the experience we want for you. I can send a free replacement or process a full refund for order ORD-39816, whichever you'd prefer.",report that a received product arrived damaged,replacement_or_refund,reference
E0199,billing_issue,"Hi team, there seems to be a billing error on my account related to order ORD-40671.","Hello Sofia, I reviewed your billing history and found the discrepancy. I've corrected it on our end and you should see an updated statement within one billing cycle.",resolve a billing discrepancy,billing_corrected_or_explained,evaluation
E0279,product_information,"Hello, does the laptop stand come with a warranty? I'm considering buying one.","Hello Wei, thanks for your interest in the laptop stand. It's available in multiple sizes and includes care instructions in the box. I'm happy to answer any other questions.",ask for more information about a product before purchasing,information_provided,evaluation
E0329,technical_support,"Hi, my backpack isn't connecting properly. I've tried restarting it but no luck. Can you help?","Hi Wei, sorry for the trouble. Could you try resetting the backpack by holding the power button for 10 seconds, then reconnecting via Bluetooth? Let me know if that resolves it or if you'd like a video walkthrough.",get help with a technical problem using a product or service,troubleshooting_provided,evaluation
E0047,order_status,"Hello, I'd like an update on order ORD-50404 for the office chair. Is it still on track?","Hi Priya, thanks for checking in. Order ORD-50404 is currently being processed and is on track to ship soon. You'll receive a tracking number by email once it leaves our warehouse.",check the current status of an order,status_provided,reference
E0136,account_access,"Hi, I can't log into my account anymore. It keeps saying my credentials are invalid. Can you help?","Hi Ethan, sorry for the trouble logging in. I've unlocked your account — please try logging in again, and use the 'Forgot Password' link if you'd like to set a new password.",resolve an issue accessing their account,access_restored_or_steps_provided,reference
E0339,technical_support,"Hi team, the app keeps crashing when I try to pair it with my water bottle.","Hi Omar, sorry for the trouble. Could you try resetting the water bottle by holding the power button for 10 seconds, then reconnecting via Bluetooth? Let me know if that resolves it or if you'd like a video walkthrough.",get help with a technical problem using a product or service,troubleshooting_provided,reference
E0251,subscription_cancellation,"Hi, I'd like to cancel my subscription. Please make sure I'm not billed again.","Hello Grace, your subscription has been cancelled as requested. No further charges will be made, and you'll receive a confirmation email shortly.",cancel a recurring subscription,subscription_cancelled,evaluation
E0242,duplicate_charge,"Hi, I was charged twice for order ORD-67619. Can you refund the duplicate charge?","Hi Wei, I'm sorry for the duplicate charge on order ORD-67619. I've confirmed it was billed twice in error and have refunded the extra charge; it should appear in 5-7 business days.",report being charged twice for the same order,duplicate_refunded,reference
E0204,billing_issue,"Hi, I noticed a charge on my statement I don't recognize for order ORD-61964. Can you explain this?","Hello Priya, I reviewed your billing history and found the discrepancy. I've corrected it on our end and you should see an updated statement within one billing cycle.",resolve a billing discrepancy,billing_corrected_or_explained,reference
E0158,account_access,"Hi team, my account seems to have been suspended and I don't know why.","Hello Jordan, I've reviewed your account and lifted the temporary lock caused by repeated login attempts. You should be able to sign in normally now.",resolve an issue accessing their account,access_restored_or_steps_provided,reference
E0060,delayed_delivery,"Hello, the backpack I ordered (ORD-67905) is significantly delayed. Where is it?","Hello Sofia, apologies for the inconvenience. Order ORD-67905 is currently delayed in transit. I've escalated this to our logistics team and will update you as soon as I have a new estimated delivery date.",report that a delivery is delayed and ask for an update,escalation_or_update,reference
E0243,duplicate_charge,"Hi team, order ORD-51853 appears to have been billed twice by mistake.","Hi Aisha, I'm sorry for the duplicate charge on order ORD-51853. I've confirmed it was billed twice in error and have refunded the extra charge; it should appear in 5-7 business days.",report being charged twice for the same order,duplicate_refunded,reference
E0042,order_status,"Hi there, just checking in on order ORD-44664 placed February 24. Any updates?","Hi Sam, thanks for checking in. Order ORD-44664 is currently being processed and is on track to ship soon. You'll receive a tracking number by email once it leaves our warehouse.",check the current status of an order,status_provided,reference
E0150,account_access,"Hi, I can't log into my account anymore. It keeps saying my credentials are invalid. Can you help?","Hello Jordan, I've reviewed your account and lifted the temporary lock caused by repeated login attempts. You should be able to sign in normally now.",resolve an issue accessing their account,access_restored_or_steps_provided,reference
E0327,technical_support,"Hello, I'm having trouble setting up my coffee grinder. The instructions don't seem to match what I'm seeing.","Hi Chloe, sorry for the trouble. Could you try resetting the coffee grinder by holding the power button for 10 seconds, then reconnecting via Bluetooth? Let me know if that resolves it or if you'd like a video walkthrough.",get help with a technical problem using a product or service,troubleshooting_provided,reference
E0088,damaged_product,"Hello, the running shoes from order ORD-73904 came with visible damage during shipping. Can you help?","Hello Wei, apologies for the damage on order ORD-73904. I've started a replacement shipment for you at no extra cost, and you won't need to return the damaged item.",report that a received product arrived damaged,replacement_or_refund,reference
E0106,damaged_product,"Hello, the backpack from order ORD-26299 came with visible damage during shipping. Can you help?","Hello Sofia, apologies for the damage on order ORD-26299. I've started a replacement shipment for you at no extra cost, and you won't need to return the damaged item.",report that a received product arrived damaged,replacement_or_refund,evaluation
E0014,refund_request,"Hi team, I purchased a office chair on April 5 (order ORD-62350) and would like to return it for a refund.","Hello Hana, I understand the frustration. I've processed a refund request for order ORD-62350. Please allow 5-7 business days for the funds to appear on your original payment method.",request a refund for a purchase,refund_initiated,reference
